Hiring ID,Hiring Date,Joining Date,Hiring mode,Employee ID,Store/office ID,CTC,Interviews,Relocation cost,Hiring Cost
1,08-11-2016,26-11-2016,Employee Referral,CG-12520,FUR-BO-10001798,"67,318.20",1,0,576.65
2,12-06-2016,01-07-2016,Employee Referral,DV-13045,OFF-LA-10000240,"56,187.90",1,0,494.49
3,11-10-2015,02-11-2015,Newspaper/Magazine,SO-20335,FUR-TA-10000577,"98,620.99",2,450,409
4,09-06-2014,29-06-2014,Newspaper/Magazine,BH-11710,FUR-FU-10001487,"57,728.70",3,0,537.68
5,15-04-2017,05-05-2017,Newspaper/Magazine,AA-10480,OFF-PA-10002365,"56,229.84",1,200,500.77
6,05-12-2016,25-12-2016,Newspaper/Magazine,IM-15070,OFF-BI-10003656,"73,888.92",1,200,"1,017.37"
7,22-11-2015,11-12-2015,Newspaper/Magazine,HP-14815,OFF-AP-10002311,"58,626.45",2,800,448
8,11-11-2014,03-12-2014,Newspaper/Magazine,PK-19075,OFF-ST-10004186,"85,494.60",2,0,553.27
9,13-05-2014,30-05-2014,Employee Referral,AG-10270,OFF-ST-10000107,"58,027.50",1,0,463.96
10,27-08-2014,16-09-2014,Employee Referral,ZD-21925,OFF-AR-10003056,"55,915.20",1,0,480.93
11,09-12-2016,28-12-2016,Newspaper/Magazine,KB-16585,OFF-AR-10000246,"56,405.70",3,0,427.24
12,16-07-2017,02-08-2017,Employee Referral,SF-20065,FUR-CH-10002774,"58,741.74",1,300,425
13,25-09-2015,15-10-2015,Newspaper/Magazine,EB-13870,FUR-TA-10000577,"1,02,538.35",1,0,"1,367.06"
14,16-01-2016,04-02-2016,Employee Referral,EH-13945,OFF-BI-10001634,"56,054.16",1,200,453.89
15,17-09-2015,06-10-2015,Newspaper/Magazine,TB-21520,FUR-BO-10004834,"1,94,284.35",3,500,496
16,19-10-2017,07-11-2017,Employee Referral,MA-17560,OFF-PA-10000249,"56,856.24",1,200,530.79
17,08-12-2016,25-12-2016,Search Engine,GH-14485,TEC-PH-10004977,"1,04,919.48",3,200,907.89
18,27-12-2015,15-01-2016,Newspaper/Magazine,SN-20710,OFF-EN-10002986,"60,629.76",3,200,593.66
19,10-09-2017,30-09-2017,Newspaper/Magazine,LC-16930,TEC-PH-10004093,"62,152.56",2,200,517.23
20,17-07-2016,06-08-2016,Newspaper/Magazine,RA-19885,OFF-ST-10003479,"59,034.60",1,0,459.58
21,19-09-2017,08-10-2017,Newspaper/Magazine,ES-14080,OFF-ST-10003282,"59,832.72",1,200,533.25
22,11-03-2016,28-03-2016,Search Engine,ON-18715,TEC-AC-10000171,"57,599.10",1,0,550.09
23,20-10-2014,09-11-2014,Employee Referral,PO-18865,OFF-ST-10001713,"65,068.20",2,0,441.91
24,20-06-2016,10-07-2016,Newspaper/Magazine,LH-16900,TEC-AC-10002167,"57,555.00",1,0,473.8
25,18-04-2015,07-05-2015,Newspaper/Magazine,DP-13000,OFF-BI-10004410,"57,249.90",2,0,514.85
26,11-12-2016,01-01-2017,Newspaper/Magazine,JM-15265,OFF-FA-10000304,"56,216.70",3,0,517.03
27,17-06-2016,03-07-2016,Search Engine,TB-21055,OFF-ST-10000604,"64,915.20",2,0,635.56
28,24-11-2015,15-12-2015,Newspaper/Magazine,KM-16720,TEC-AC-10004633,"56,159.10",1,0,466.6
29,30-04-2015,20-05-2015,Newspaper/Magazine,PS-18970,FUR-CH-10001146,"65,120.18",2,300,435
30,05-12-2014,25-12-2014,Newspaper/Magazine,BS-11590,OFF-AR-10002671,"1,05,616.08",3,200,907.21
31,04-06-2016,21-06-2016,Search Engine,KD-16270,OFF-PA-10000482,"58,944.60",1,0,615.65
32,18-09-2016,08-10-2016,Newspaper/Magazine,HM-14980,OFF-BI-10004654,"55,737.72",1,200,504.92
33,26-04-2015,17-05-2015,Newspaper/Magazine,JE-15745,FUR-CH-10000513,"92,967.12",3,200,473
34,09-12-2017,26-12-2017,Search Engine,KB-16600,OFF-BI-10004182,"55,586.16",1,800,444
35,12-06-2016,30-06-2016,Search Engine,SC-20770,OFF-AP-10002118,"64,897.20",1,0,687.81
36,12-10-2014,31-10-2014,Newspaper/Magazine,DN-13690,OFF-AR-10002053,"56,200.50",2,0,419.69
37,03-09-2015,23-09-2015,Newspaper/Magazine,JC-16105,OFF-EN-10000927,"64,574.28",3,200,749.23
38,13-11-2017,01-12-2017,Search Engine,CS-12400,OFF-ST-10003656,"65,896.92",1,200,474
39,26-10-2017,17-11-2017,Newspaper/Magazine,PG-18895,TEC-AC-10001998,"56,429.55",1,0,522.19
40,05-04-2016,25-04-2016,Employee Referral,GM-14455,OFF-ST-10003442,"62,656.56",3,200,466.43
41,17-09-2016,07-10-2016,Newspaper/Magazine,JS-15685,OFF-AR-10004930,"56,434.50",1,0,482.53
42,31-01-2015,20-02-2015,Employee Referral,KB-16315,OFF-PA-10003177,"56,113.20",1,0,461.88
43,06-11-2017,27-11-2017,Newspaper/Magazine,RB-19705,OFF-BI-10004738,"55,785.69",1,700,426
44,09-11-2017,26-11-2017,Employee Referral,PN-18775,FUR-FU-10000629,"59,873.85",3,0,589.17
45,17-06-2017,05-07-2017,Search Engine,KD-16345,OFF-BI-10001721,"57,839.04",1,200,552.84
46,06-09-2016,26-09-2016,Newspaper/Magazine,ER-13855,OFF-AP-10000358,"59,034.60",2,0,548.34
47,29-08-2016,17-09-2016,Newspaper/Magazine,RB-19465,OFF-PA-10003256,"58,438.08",3,200,537.47
48,01-12-2016,19-12-2016,Employee Referral,GZ-14470,OFF-PA-10004040,"56,606.40",2,0,451.88
49,13-11-2015,02-12-2015,Newspaper/Magazine,LC-16870,TEC-AC-10001552,"66,280.32",2,200,410
50,23-11-2017,13-12-2017,Newspaper/Magazine,JM-15250,TEC-AC-10003499,"58,865.04",3,200,534.41
51,15-10-2015,04-11-2015,Newspaper/Magazine,PA-19060,TEC-AC-10000844,"70,828.20",2,200,759.97
52,25-12-2017,14-01-2018,Newspaper/Magazine,CV-12805,FUR-FU-10001934,"57,418.20",1,0,509.64
53,03-11-2016,25-11-2016,Newspaper/Magazine,CL-12565,OFF-AR-10000380,"58,948.20",1,0,557.15
54,25-08-2014,11-09-2014,Employee Referral,RC-19960,OFF-FA-10000621,"57,334.32",5,200,519.14
55,02-03-2015,21-03-2015,Newspaper/Magazine,DK-13090,FUR-TA-10001768,"90,968.85",1,0,"1,088.53"
56,05-04-2015,25-04-2015,Newspaper/Magazine,GG-14650,OFF-BI-10003650,"62,630.73",1,700,470
57,12-06-2016,30-06-2016,Search Engine,SC-20725,FUR-FU-10002157,"57,646.80",1,0,521.38
58,26-12-2014,12-01-2015,Employee Referral,AD-10180,FUR-CH-10004063,"82,555.11",1,300,423
59,20-09-2014,10-10-2014,Newspaper/Magazine,PF-19165,FUR-TA-10004534,"83,326.50",2,500,495
60,05-11-2017,27-11-2017,Newspaper/Magazine,TS-21610,OFF-BI-10003274,"55,637.46",1,700,432
61,06-11-2016,25-11-2016,Employee Referral,LS-16975,FUR-CH-10001146,"59,194.08",1,200,459
62,02-02-2017,20-02-2017,Search Engine,DW-13585,TEC-PH-10002293,"58,228.65",2,400,464
63,13-10-2016,03-11-2016,Newspaper/Magazine,LC-16885,OFF-PA-10001804,"56,431.80",1,0,453.48
64,05-09-2016,22-09-2016,Employee Referral,JD-15895,FUR-FU-10004848,"59,256.00",1,200,463.4
65,18-09-2017,08-10-2017,Newspaper/Magazine,SH-19975,OFF-AR-10000940,"55,926.90",1,0,473.53
66,22-12-2017,11-01-2018,Newspaper/Magazine,SG-20080,OFF-AP-10001058,"93,304.35",1,0,"1,326.01"
67,07-09-2015,27-09-2015,Newspaper/Magazine,HA-14920,OFF-ST-10003656,"85,766.85",3,0,573.63
68,22-10-2014,12-11-2014,Newspaper/Magazine,MG-17680,FUR-FU-10000521,"59,754.96",2,200,474.64
69,05-12-2016,24-12-2016,Newspaper/Magazine,JE-16165,TEC-PH-10000215,"72,830.25",4,0,905.21
70,13-03-2016,31-03-2016,Search Engine,TW-21025,OFF-AP-10000326,"62,636.40",2,200,518.06
71,31-05-2015,17-06-2015,Search Engine,SP-20650,OFF-PA-10001950,"58,157.10",3,0,552.08
72,28-05-2015,18-06-2015,Newspaper/Magazine,NK-18490,OFF-AR-10001547,"55,828.35",1,0,473.16
73,01-03-2014,21-03-2014,Employee Referral,DB-13060,FUR-CH-10004063,"76,120.56",1,200,689.91
74,20-11-2016,09-12-2016,Newspaper/Magazine,NP-18670,OFF-LA-10002475,"56,187.90",1,0,471.49
75,11-05-2016,27-05-2016,Search Engine,TT-21070,OFF-PA-10002751,"55,799.10",1,0,475.76
76,28-12-2015,15-01-2016,Employee Referral,EM-13960,TEC-AC-10003657,"57,977.28",1,200,470.44
77,16-11-2016,05-12-2016,Newspaper/Magazine,RD-19900,OFF-EN-10001990,"56,808.00",2,0,537.39
78,07-11-2016,26-11-2016,Newspaper/Magazine,MJ-17740,OFF-BI-10004002,"56,775.60",1,200,477.75
79,08-09-2014,27-09-2014,Newspaper/Magazine,BM-11140,OFF-AR-10004441,"55,977.12",1,200,501.93
80,05-08-2014,24-08-2014,Newspaper/Magazine,CS-12130,OFF-PA-10000659,"56,472.30",1,0,482.37
81,14-09-2014,04-10-2014,Newspaper/Magazine,JB-15400,OFF-AP-10000891,"57,890.16",1,800,426
82,21-04-2017,10-05-2017,Employee Referral,SJ-20500,OFF-AP-10002684,"59,906.88",2,800,400
83,15-12-2015,03-01-2016,Newspaper/Magazine,JK-15640,OFF-AR-10001940,"55,677.60",1,0,420.64
84,05-12-2014,24-12-2014,Employee Referral,DK-13150,OFF-ST-10003455,"56,646.72",1,200,501.44
85,19-11-2014,09-12-2014,Employee Referral,RM-19675,TEC-PH-10003273,"78,208.20",2,0,977.12
86,28-11-2016,17-12-2016,Newspaper/Magazine,SK-19990,OFF-BI-10001890,"55,852.20",1,0,414.75
87,26-08-2014,14-09-2014,Newspaper/Magazine,FM-14290,TEC-AC-10002323,"63,486.00",3,0,589.94
88,16-07-2016,06-08-2016,Newspaper/Magazine,AM-10360,OFF-ST-10001328,"57,205.08",1,200,506.89
89,12-10-2015,29-10-2015,Search Engine,MP-17470,FUR-BO-10002613,"95,991.12",2,200,857.57
90,31-10-2015,21-11-2015,Newspaper/Magazine,MZ-17515,OFF-EN-10001509,"56,172.60",3,0,483.85
91,21-03-2014,09-04-2014,Newspaper/Magazine,CB-12025,OFF-AR-10004685,"55,863.36",1,200,404.82
92,06-11-2017,28-11-2017,Newspaper/Magazine,VM-21685,OFF-ST-10001414,"57,611.70",1,0,526.11
93,06-07-2017,28-07-2017,Newspaper/Magazine,FH-14365,OFF-BI-10000343,"55,662.57",1,700,418
94,24-06-2017,14-07-2017,Newspaper/Magazine,MB-17305,OFF-PA-10002666,"56,508.48",1,200,433.18
95,03-08-2014,20-08-2014,Search Engine,BS-11755,FUR-TA-10004289,"65,373.75",1,500,484
96,17-12-2017,05-01-2018,Employee Referral,LC-17140,OFF-AP-10003217,"58,512.78",1,800,433
97,03-06-2017,22-06-2017,Newspaper/Magazine,HK-14890,FUR-FU-10002960,"57,112.56",3,200,538.68
98,09-12-2017,29-12-2017,Newspaper/Magazine,LE-16810,TEC-PH-10001918,"75,544.56",2,200,610.91
99,01-12-2017,22-12-2017,Newspaper/Magazine,JH-15985,OFF-ST-10000642,"59,306.40",2,0,506.5
100,09-02-2015,28-02-2015,Employee Referral,MS-17980,TEC-AC-10001266,"56,466.00",1,200,505
101,02-01-2015,24-01-2015,Newspaper/Magazine,VW-21775,OFF-LA-10004544,"56,595.60",1,200,438.52
102,28-10-2016,16-11-2016,Newspaper/Magazine,JH-15910,OFF-ST-10001328,"59,717.70",2,0,509.23
103,24-12-2015,11-01-2016,Search Engine,JB-15925,OFF-FA-10000585,"55,781.28",1,200,494.26
104,09-08-2015,31-08-2015,Newspaper/Magazine,DS-13180,OFF-AR-10001026,"55,629.00",1,0,429.87
105,28-02-2015,19-03-2015,Newspaper/Magazine,VD-21670,FUR-CH-10004860,"62,800.56",1,200,407
106,13-09-2014,02-10-2014,Newspaper/Magazine,EA-14035,OFF-BI-10001679,"56,369.16",3,700,497
107,12-11-2017,01-12-2017,Newspaper/Magazine,DB-13120,OFF-PA-10002479,"56,005.20",1,0,445.01
108,04-06-2016,24-06-2016,Employee Referral,KL-16645,OFF-PA-10003349,"56,696.40",2,200,524.58
109,01-06-2014,21-06-2014,Employee Referral,DW-13480,FUR-CH-10004063,"1,45,613.70",3,0,"2,746.16"
110,10-12-2016,30-12-2016,Employee Referral,LH-17155,FUR-CH-10002965,"70,000.56",1,200,566.55
111,11-09-2016,02-10-2016,Newspaper/Magazine,KC-16540,OFF-PA-10004569,"55,872.45",1,0,447.31
112,10-12-2016,28-12-2016,Search Engine,DL-13315,OFF-ST-10001228,"59,156.10",2,0,512.25
113,28-11-2015,19-12-2015,Newspaper/Magazine,DR-12880,FUR-FU-10002505,"56,075.94",3,600,402
114,01-12-2017,18-12-2017,Employee Referral,CC-12670,TEC-AC-10000290,"56,446.65",1,0,516.7
115,08-06-2017,27-06-2017,Newspaper/Magazine,Dl-13600,OFF-AP-10002203,"55,603.08",1,800,447
116,19-09-2014,06-10-2014,Employee Referral,SB-20290,TEC-MA-10000822,"1,93,229.19",1,400,489
117,06-06-2016,28-06-2016,Newspaper/Magazine,RC-19825,TEC-PH-10001433,"70,300.08",2,200,593.88
118,10-11-2015,30-11-2015,Newspaper/Magazine,AH-10210,TEC-AC-10004469,"59,125.50",1,0,552.62
119,16-06-2017,05-07-2017,Newspaper/Magazine,CB-12535,OFF-AR-10003602,"56,160.72",1,200,424.92
120,09-12-2017,28-12-2017,Newspaper/Magazine,CA-12310,OFF-ST-10004180,"57,204.36",1,200,436
121,28-12-2017,17-01-2018,Employee Referral,KH-16690,OFF-ST-10003208,"88,192.80",2,0,"1,337.97"
122,16-09-2017,02-10-2017,Search Engine,BB-10990,OFF-PA-10002615,"55,926.90",1,0,506.23
123,13-10-2017,01-11-2017,Newspaper/Magazine,AG-10495,OFF-PA-10000673,"56,054.16",1,200,427.31
124,02-11-2015,21-11-2015,Newspaper/Magazine,JO-15280,FUR-TA-10002903,"1,02,277.80",2,200,661.77
125,18-12-2016,04-01-2017,Employee Referral,AH-10195,OFF-BI-10000778,"66,962.61",3,700,436
126,20-11-2016,09-12-2016,Employee Referral,NZ-18565,OFF-FA-10002983,"56,389.32",3,200,484.73
127,26-12-2014,12-01-2015,Search Engine,KL-16555,FUR-FU-10004091,"69,048.72",3,200,809.44
128,04-05-2015,24-05-2015,Employee Referral,AS-10225,FUR-FU-10002671,"56,736.00",1,0,538.46
129,01-06-2014,21-06-2014,Newspaper/Magazine,CR-12625,OFF-BI-10001072,"57,576.60",1,0,531.68
130,15-04-2017,02-05-2017,Search Engine,SH-20395,OFF-AR-10002804,"55,750.05",1,0,408.02
131,12-09-2016,29-09-2016,Employee Referral,BP-11185,FUR-FU-10001918,"56,211.12",2,200,420.38
132,27-09-2014,18-10-2014,Newspaper/Magazine,TS-21205,FUR-FU-10001588,"59,469.30",1,0,557.57
133,09-08-2014,31-08-2014,Newspaper/Magazine,AG-10525,TEC-PH-10002398,"63,557.28",1,200,559.19
134,28-12-2014,14-01-2015,Search Engine,SP-20860,OFF-AR-10003373,"59,991.12",2,200,529.7
135,04-11-2014,24-11-2014,Newspaper/Magazine,NM-18445,FUR-CH-10002602,"61,644.69",1,100,518.63
136,19-09-2014,09-10-2014,Newspaper/Magazine,FA-14230,OFF-FA-10000624,"55,852.20",1,0,477.32
137,23-04-2016,12-05-2016,Newspaper/Magazine,GK-14620,OFF-BI-10004593,"66,848.40",2,200,749.98
138,03-11-2017,20-11-2017,Employee Referral,DJ-13510,FUR-FU-10001967,"56,249.64",1,200,466
139,30-08-2016,16-09-2016,Search Engine,PO-18850,TEC-PH-10003645,"68,620.41",1,400,485
140,25-04-2016,14-05-2016,Employee Referral,JL-15850,TEC-PH-10004614,"59,256.00",1,400,425
141,01-09-2015,19-09-2015,Employee Referral,DB-13615,OFF-BI-10001922,"55,743.84",1,200,481.42
142,12-07-2014,01-08-2014,Newspaper/Magazine,AC-10420,OFF-BI-10003314,"55,877.04",1,200,454.18
143,15-06-2017,04-07-2017,Newspaper/Magazine,CC-12550,TEC-PH-10002293,"57,688.92",1,200,474.19
144,08-07-2017,27-07-2017,Newspaper/Magazine,TD-20995,OFF-AR-10004027,"55,870.20",1,0,483.4
145,01-09-2016,18-09-2016,Search Engine,AB-10060,TEC-AC-10000290,"55,835.55",1,0,503.23
146,08-04-2016,28-04-2016,Newspaper/Magazine,JL-15505,FUR-BO-10002268,"73,021.68",2,200,489
147,08-03-2017,26-03-2017,Search Engine,VB-21745,OFF-AP-10001124,"84,682.80",3,0,"1,074.75"
148,25-09-2017,16-10-2017,Newspaper/Magazine,KW-16435,OFF-LA-10001158,"56,461.50",1,0,500.74
149,24-09-2014,14-10-2014,Newspaper/Magazine,JD-16060,OFF-ST-10001713,"65,068.20",2,0,451.91
150,21-10-2016,05-11-2016,Social Networks,MK-17905,OFF-BI-10002412,"56,574.00",2,0,517.76
151,29-05-2017,19-06-2017,Newspaper/Magazine,GT-14755,OFF-PA-10002036,"56,696.40",2,200,451.58
152,23-07-2014,11-08-2014,Newspaper/Magazine,AG-10900,OFF-BI-10001982,"55,897.20",2,700,462
153,28-09-2016,16-10-2016,Search Engine,MM-18280,OFF-PA-10003039,"59,991.12",2,200,580.92
154,27-08-2017,16-09-2017,Newspaper/Magazine,AR-10405,FUR-TA-10004915,"1,22,509.08",3,300,489
155,28-04-2015,20-05-2015,Newspaper/Magazine,RA-19915,OFF-AP-10000696,"55,919.34",1,800,440
156,28-10-2016,13-11-2016,Search Engine,AS-10285,OFF-PA-10004734,"57,823.20",3,0,534.92
157,26-06-2015,14-07-2015,Employee Referral,LA-16780,TEC-AC-10004708,"57,415.50",1,0,464.2
158,27-11-2015,17-12-2015,Newspaper/Magazine,DO-13435,FUR-TA-10000617,"72,425.59",1,450,500
159,03-12-2015,22-12-2015,Newspaper/Magazine,DK-13225,TEC-MA-10001681,"77,235.30",2,700,448
160,24-11-2014,11-12-2014,Search Engine,NG-18430,OFF-AR-10004757,"55,648.08",1,200,409.71
161,11-12-2017,30-12-2017,Newspaper/Magazine,MV-18190,OFF-BI-10000050,"56,581.20",2,200,481.54
162,21-09-2014,08-10-2014,Employee Referral,JG-15115,TEC-PH-10003012,"66,617.28",1,200,521.87
163,07-06-2014,25-06-2014,Employee Referral,BP-11095,OFF-BI-10003982,"56,090.79",1,800,477
164,30-06-2017,20-07-2017,Newspaper/Magazine,VP-21730,OFF-BI-10004492,"58,940.64",1,200,555.32
165,17-10-2017,03-11-2017,Employee Referral,SS-20140,OFF-ST-10000798,"57,778.20",1,0,487.97
166,08-09-2016,25-09-2016,Employee Referral,AG-10675,OFF-ST-10001580,"57,147.84",1,200,511.38
167,24-12-2014,10-01-2015,Search Engine,LF-17185,OFF-PA-10001947,"55,960.56",1,200,421.87
168,24-12-2017,13-01-2018,Newspaper/Magazine,RF-19840,OFF-AP-10004249,"57,145.95",1,0,468.78
169,08-12-2017,27-12-2017,Newspaper/Magazine,KH-16510,TEC-AC-10000158,"63,627.75",2,0,620.16
170,03-11-2017,22-11-2017,Newspaper/Magazine,KC-16675,OFF-PA-10000157,"61,823.70",3,0,728.94
171,24-06-2017,13-07-2017,Newspaper/Magazine,CJ-12010,OFF-AR-10004344,"59,846.40",3,0,508.59
172,14-04-2016,03-05-2016,Newspaper/Magazine,PB-19150,FUR-CH-10004886,"72,801.00",2,200,640.52
173,19-10-2017,07-11-2017,Newspaper/Magazine,MP-17965,FUR-FU-10004712,"58,075.20",2,0,503.82
174,21-08-2017,07-09-2017,Employee Referral,NF-18385,FUR-CH-10000015,"94,518.00",2,0,"1,360.06"
175,12-09-2014,28-09-2014,Search Engine,SD-20485,TEC-MA-10000029,"58,679.55",1,0,554.38
176,01-10-2017,23-10-2017,Newspaper/Magazine,KH-16630,OFF-AR-10000369,"55,830.24",2,200,418
177,15-04-2016,06-05-2016,Newspaper/Magazine,RB-19795,OFF-BI-10004584,"64,061.46",1,700,465
178,19-12-2014,09-01-2015,Newspaper/Magazine,MK-18160,OFF-BI-10000773,"55,746.54",1,700,413
179,12-06-2016,29-06-2016,Employee Referral,PO-19180,TEC-MA-10002937,"1,00,889.06",1,300,614.8
180,15-09-2017,04-10-2017,Newspaper/Magazine,BB-11545,OFF-PA-10002230,"56,964.24",3,200,535.21
181,20-03-2017,09-04-2017,Employee Referral,TB-21595,FUR-FU-10000206,"55,660.95",1,0,433.47
182,01-04-2016,18-04-2016,Employee Referral,RB-19360,OFF-AR-10000588,"58,208.40",1,0,542.9
183,20-10-2017,08-11-2017,Newspaper/Magazine,EB-13705,FUR-TA-10001539,"68,326.38",1,400,457
184,12-02-2014,05-03-2014,Newspaper/Magazine,SC-20095,FUR-CH-10000225,"61,360.56",1,200,499
185,22-04-2016,14-05-2016,Newspaper/Magazine,TN-21040,FUR-FU-10000023,"56,590.20",2,200,439.27
186,17-01-2015,08-02-2015,Newspaper/Magazine,JS-15940,FUR-FU-10002918,"66,993.48",3,600,425
187,20-12-2015,08-01-2016,Newspaper/Magazine,MH-17785,OFF-PA-10004071,"58,026.60",1,0,511.52
188,09-11-2014,26-11-2014,Employee Referral,JP-15520,OFF-ST-10002743,"70,871.40",1,0,460.64
189,27-10-2016,17-11-2016,Newspaper/Magazine,JE-15475,FUR-FU-10002671,"57,339.00",1,0,482.18
190,26-06-2016,17-07-2016,Newspaper/Magazine,JG-15805,OFF-AR-10003045,"56,191.50",2,0,430.46
191,06-10-2014,25-10-2014,Newspaper/Magazine,XP-21865,TEC-AC-10001445,"55,939.05",1,0,417.64
192,22-07-2014,11-08-2014,Newspaper/Magazine,EM-14065,OFF-AR-10002053,"55,798.20",1,0,465.68
193,10-06-2017,28-06-2017,Search Engine,MT-18070,OFF-LA-10003923,"56,862.00",1,0,559.2
194,29-10-2014,15-11-2014,Search Engine,SA-20830,TEC-PH-10001363,"1,78,647.84",2,200,"1,769.98"
195,09-06-2014,28-06-2014,Employee Referral,CW-11905,TEC-PH-10000376,"55,889.64",1,200,410.4
196,14-09-2014,04-10-2014,Newspaper/Magazine,AJ-10960,OFF-ST-10001809,"75,741.75",2,0,457.93
197,09-05-2016,29-05-2016,Newspaper/Magazine,SS-20590,TEC-AC-10000991,"59,759.10",1,0,514.63
198,18-03-2016,05-04-2016,Employee Referral,RO-19780,FUR-TA-10001857,"64,074.69",1,400,496
199,27-12-2015,15-01-2016,Newspaper/Magazine,MD-17350,OFF-EN-10001434,"60,273.90",1,0,701.62
200,30-05-2016,19-06-2016,Newspaper/Magazine,MY-17380,OFF-BI-10001670,"56,547.90",1,700,444
201,16-03-2015,06-04-2015,Newspaper/Magazine,CM-12385,OFF-AR-10001662,"55,653.30",1,0,466.96
202,26-11-2017,12-12-2017,Search Engine,LS-17245,FUR-FU-10001290,"61,213.50",1,0,639.66
203,21-12-2017,09-01-2018,Newspaper/Magazine,BN-11515,OFF-AR-10003811,"55,828.35",1,0,428.16
204,22-03-2015,10-04-2015,Newspaper/Magazine,DB-13210,TEC-AC-10000171,"56,357.64",1,200,479.15
205,23-01-2017,09-02-2017,Search Engine,MC-17605,FUR-TA-10001857,"65,024.10",1,0,515.39
206,26-12-2015,17-01-2016,Newspaper/Magazine,BD-11605,OFF-FA-10002815,"56,529.00",2,0,473.74
207,21-10-2017,10-11-2017,Newspaper/Magazine,PH-18790,FUR-CH-10003379,"86,307.84",1,200,575.99
208,03-09-2015,22-09-2015,Newspaper/Magazine,MG-18145,OFF-ST-10004963,"57,165.12",1,200,431
209,07-11-2015,24-11-2015,Employee Referral,KB-16240,FUR-CH-10000595,"64,112.40",1,200,521.68
210,07-09-2017,26-09-2017,Newspaper/Magazine,JC-15340,FUR-FU-10000448,"57,687.30",1,0,464.59
211,29-05-2016,16-06-2016,Employee Referral,RL-19615,TEC-PH-10000984,"99,627.75",2,0,"1,581.54"
212,10-07-2016,31-07-2016,Newspaper/Magazine,AA-10375,OFF-ST-10001325,"56,284.56",1,200,448.87
213,03-09-2017,23-09-2017,Employee Referral,EP-13915,OFF-BI-10002429,"57,447.72",3,800,482
214,07-12-2015,26-12-2015,Newspaper/Magazine,DK-12985,OFF-AP-10001271,"62,412.30",1,0,623.18
215,01-02-2014,18-02-2014,Search Engine,BD-11500,TEC-AC-10001432,"76,630.50",2,0,"1,290.26"
216,18-12-2015,07-01-2016,Newspaper/Magazine,LM-17065,OFF-ST-10001809,"84,634.92",3,200,452
217,19-11-2017,07-12-2017,Search Engine,AS-10135,OFF-BI-10000404,"57,387.60",2,200,482.73
218,15-04-2016,02-05-2016,Employee Referral,BD-11320,FUR-CH-10002024,"1,06,000.56",1,200,418
219,24-11-2017,13-12-2017,Newspaper/Magazine,GT-14710,OFF-FA-10004248,"56,017.08",1,200,443.28
220,03-03-2014,22-03-2014,Employee Referral,AJ-10945,OFF-AR-10003560,"56,405.52",2,200,456.62
221,10-06-2016,30-06-2016,Newspaper/Magazine,OT-18730,OFF-LA-10001297,"56,461.50",1,0,527.74
222,20-11-2017,07-12-2017,Employee Referral,LP-17080,FUR-FU-10003347,"57,447.00",1,0,561.46
223,14-09-2014,03-10-2014,Employee Referral,CA-12775,OFF-AP-10003914,"56,115.00",2,200,420.2
224,07-12-2015,24-12-2015,Search Engine,JF-15490,OFF-FA-10003467,"55,708.20",1,0,444
225,07-12-2017,25-12-2017,Search Engine,FP-14320,TEC-PH-10002496,"72,376.92",1,200,662.19
226,01-10-2017,23-10-2017,Newspaper/Magazine,EB-13840,OFF-PA-10004530,"59,662.80",3,0,639.01
227,28-12-2017,19-01-2018,Newspaper/Magazine,JF-15415,OFF-LA-10001297,"58,790.25",3,0,539.1
228,03-11-2016,22-11-2016,Newspaper/Magazine,SF-20200,OFF-AR-10003394,"55,926.90",1,0,468.53
229,18-09-2015,07-10-2015,Employee Referral,TG-21640,OFF-PA-10004530,"62,762.40",5,0,733.01
230,20-07-2017,10-08-2017,Newspaper/Magazine,CS-11950,OFF-ST-10002974,"58,667.04",1,200,526.86
231,10-09-2015,29-09-2015,Newspaper/Magazine,CC-12145,OFF-SU-10004498,"57,848.40",2,0,422.18
232,01-12-2017,20-12-2017,Newspaper/Magazine,DV-13465,TEC-PH-10004977,"76,696.92",1,200,688.67
233,03-07-2015,24-07-2015,Newspaper/Magazine,BD-11725,FUR-CH-10003956,"58,724.10",1,0,425.87
234,20-03-2016,08-04-2016,Newspaper/Magazine,ZC-21910,TEC-PH-10003800,"59,345.28",1,200,472
235,09-01-2014,28-01-2014,Newspaper/Magazine,MS-17830,OFF-AR-10004078,"55,950.48",1,200,422.67
236,08-08-2014,30-08-2014,Newspaper/Magazine,LR-16915,OFF-AP-10004708,"58,955.40",1,0,545.3
237,14-07-2016,31-07-2016,Search Engine,TP-21130,OFF-SU-10004115,"56,053.44",1,200,444.07
238,16-07-2016,05-08-2016,Newspaper/Magazine,CK-12205,TEC-PH-10001425,"62,009.19",1,400,468
239,15-03-2014,03-04-2014,Newspaper/Magazine,AS-10240,OFF-ST-10001490,"61,954.92",1,200,541.39
240,23-05-2014,11-06-2014,Newspaper/Magazine,AR-10510,OFF-BI-10000848,"55,677.69",1,700,467
241,28-04-2016,16-05-2016,Search Engine,NB-18655,TEC-PH-10003012,"72,160.92",1,200,579.31
242,11-09-2016,28-09-2016,Employee Referral,GD-14590,OFF-PA-10001204,"55,910.16",1,200,480.56
243,14-11-2017,02-12-2017,Employee Referral,CK-12595,TEC-PH-10000011,"60,927.30",4,400,467.97
244,18-08-2017,07-09-2017,Employee Referral,NG-18355,FUR-FU-10003849,"57,351.60",1,0,490.15
245,26-12-2014,15-01-2015,Newspaper/Magazine,CA-12265,OFF-BI-10002103,"55,921.05",2,800,415
246,29-11-2015,18-12-2015,Newspaper/Magazine,SF-20965,FUR-CH-10004853,"69,118.20",1,0,818.27
247,15-09-2017,04-10-2017,Newspaper/Magazine,MO-17800,FUR-FU-10000221,"57,130.20",3,0,472.36
248,19-05-2017,07-06-2017,Newspaper/Magazine,AT-10735,OFF-AP-10001563,"59,902.20",1,0,530.71
249,11-12-2016,28-12-2016,Employee Referral,FM-14380,OFF-ST-10001963,"66,482.28",1,200,433
250,04-10-2015,24-10-2015,Employee Referral,DJ-13420,FUR-CH-10001482,"73,212.30",1,0,585.89
251,15-08-2016,05-09-2016,Newspaper/Magazine,ME-17725,OFF-BI-10001989,"56,379.69",1,700,409
252,18-12-2016,06-01-2017,Newspaper/Magazine,JD-16150,FUR-FU-10000732,"56,377.80",1,0,490.12
253,30-07-2017,18-08-2017,Employee Referral,JL-15835,OFF-ST-10000585,"70,398.00",1,0,816.62
254,10-06-2017,30-06-2017,Newspaper/Magazine,SC-20305,TEC-AC-10003832,"61,493.40",2,0,637.33
255,30-12-2017,20-01-2018,Newspaper/Magazine,CC-12430,OFF-AP-10002457,"64,948.50",1,0,708.04
256,11-12-2016,31-12-2016,Employee Referral,AR-10825,FUR-FU-10001935,"56,196.00",2,0,474.27
257,23-10-2016,13-11-2016,Newspaper/Magazine,SR-20740,OFF-PA-10000482,"72,603.00",4,0,"1,179.27"
258,22-08-2016,12-09-2016,Newspaper/Magazine,CR-12730,OFF-AP-10002439,"60,639.84",1,200,481.07
259,19-09-2016,04-10-2016,Social Networks,EH-14125,FUR-CH-10001215,"87,091.74",1,300,412
260,26-03-2016,14-04-2016,Newspaper/Magazine,SP-20545,OFF-ST-10001522,"76,227.75",2,0,496.59
261,08-06-2017,25-06-2017,Employee Referral,TH-21235,OFF-SU-10004231,"56,599.20",1,200,409.32
262,24-12-2014,10-01-2015,Search Engine,RP-19390,FUR-FU-10003096,"56,896.20",2,200,522.91
263,05-12-2017,23-12-2017,Search Engine,RB-19570,OFF-AP-10004532,"58,294.80",1,0,514.36
264,18-03-2017,07-04-2017,Newspaper/Magazine,CD-11980,OFF-AP-10000804,"55,650.96",1,800,463
265,19-11-2016,09-12-2016,Newspaper/Magazine,DJ-13630,OFF-BI-10003305,"56,175.84",1,200,474.66
266,04-11-2017,19-11-2017,Social Networks,GT-14635,TEC-MA-10004125,"4,15,529.10",2,500,496
267,05-07-2014,23-07-2014,Search Engine,MC-17845,TEC-AC-10003911,"77,128.65",1,0,"1,073.76"
268,25-12-2017,13-01-2018,Newspaper/Magazine,RA-19285,FUR-BO-10004015,"64,169.28",1,200,455.2
269,21-06-2014,08-07-2014,Employee Referral,NP-18325,FUR-FU-10004071,"60,210.45",1,0,546.25
270,28-03-2015,17-04-2015,Newspaper/Magazine,AB-10165,TEC-AC-10002253,"63,010.80",1,0,554.74
271,14-05-2015,01-06-2015,Search Engine,JO-15550,OFF-AR-10003373,"64,452.24",3,200,541.4
272,09-04-2015,29-04-2015,Newspaper/Magazine,JK-15370,FUR-TA-10002774,"72,176.04",1,200,477
273,12-09-2014,02-10-2014,Newspaper/Magazine,BN-11470,OFF-PA-10001800,"55,996.56",1,200,435.52
274,02-12-2014,19-12-2014,Search Engine,DP-13165,TEC-AC-10003628,"60,928.20",2,0,614.13
275,05-04-2014,22-04-2014,Search Engine,TH-21550,OFF-PA-10004071,"58,026.60",1,0,591.52
276,03-09-2017,22-09-2017,Newspaper/Magazine,AP-10915,OFF-EN-10001219,"56,630.16",2,200,500.45
277,19-05-2017,08-06-2017,Newspaper/Magazine,RS-19765,OFF-AP-10001154,"68,190.30",2,0,895.89
278,11-01-2014,29-01-2014,Search Engine,SV-20365,FUR-FU-10000010,"55,977.30",1,0,471.33
279,02-06-2014,22-06-2014,Newspaper/Magazine,CK-12325,OFF-BI-10001658,"58,221.36",1,200,576.75
280,13-02-2016,04-03-2016,Newspaper/Magazine,RD-19810,OFF-PA-10004092,"62,136.90",1,0,791.64
281,07-10-2014,28-10-2014,Newspaper/Magazine,MR-17545,FUR-FU-10000222,"61,376.40",2,200,501.45
282,07-07-2016,27-07-2016,Newspaper/Magazine,SC-20695,OFF-SU-10004664,"57,581.28",3,200,485.51
283,16-09-2017,05-10-2017,Newspaper/Magazine,JF-15355,OFF-EN-10001141,"56,320.56",1,200,481.47
284,03-12-2016,21-12-2016,Search Engine,EG-13900,OFF-PA-10001954,"63,752.40",3,0,829.2
285,21-01-2017,09-02-2017,Newspaper/Magazine,DS-13030,OFF-ST-10000736,"66,462.30",1,0,481.87
286,04-01-2014,23-01-2014,Newspaper/Magazine,PO-19195,OFF-LA-10003223,"56,060.28",1,200,446.09
287,27-08-2016,16-09-2016,Newspaper/Magazine,SS-20875,OFF-SU-10004498,"57,848.40",2,200,459
288,20-03-2016,06-04-2016,Employee Referral,PB-19105,TEC-PH-10000004,"56,069.64",1,200,503.6
289,02-10-2017,21-10-2017,Newspaper/Magazine,RF-19735,OFF-BI-10003638,"58,142.25",1,0,590.81
290,07-04-2016,24-04-2016,Search Engine,YC-21895,TEC-CO-10002095,"1,09,528.92",1,200,"1,915.97"
291,29-12-2014,17-01-2015,Newspaper/Magazine,DC-13285,OFF-ST-10002444,"56,635.20",1,0,441.51
292,23-07-2017,12-08-2017,Newspaper/Magazine,CP-12340,OFF-BI-10000848,"56,120.76",1,200,503.07
293,18-09-2017,07-10-2017,Newspaper/Magazine,BF-11020,OFF-PA-10002377,"56,552.40",2,0,446.9
294,08-02-2015,28-02-2015,Newspaper/Magazine,LH-17020,TEC-PH-10003931,"60,389.19",1,400,407
295,13-01-2014,30-01-2014,Employee Referral,CS-12250,OFF-EN-10001990,"56,041.20",1,0,481.36
296,14-05-2014,04-06-2014,Newspaper/Magazine,AJ-10795,FUR-FU-10004306,"69,519.60",1,200,551.26
297,30-01-2017,20-02-2017,Newspaper/Magazine,BV-11245,OFF-BI-10001036,"56,352.60",1,0,465.56
298,29-06-2014,21-07-2014,Newspaper/Magazine,DL-12865,OFF-AR-10003405,"57,004.20",3,200,485.74
299,03-10-2015,21-10-2015,Employee Referral,BM-11785,OFF-BI-10001098,"56,973.15",2,700,468
300,12-12-2015,31-12-2015,Newspaper/Magazine,LT-17110,FUR-CH-10004675,"71,231.76",1,200,568.57
301,20-05-2016,04-06-2016,Social Networks,JK-15730,TEC-PH-10001530,"1,16,908.20",2,200,751.99
302,20-09-2014,11-10-2014,Newspaper/Magazine,ES-14020,OFF-LA-10001569,"55,978.20",1,0,445.33
303,21-09-2017,11-10-2017,Newspaper/Magazine,RH-19495,OFF-BI-10000546,"56,437.20",3,0,531.51
304,27-11-2015,18-12-2015,Newspaper/Magazine,CD-11920,FUR-CH-10002647,"68,306.40",2,200,490.98
305,20-02-2017,10-03-2017,Search Engine,HW-14935,FUR-FU-10004090,"56,530.35",1,0,508.34
306,12-03-2016,01-04-2016,Newspaper/Magazine,MC-18130,OFF-PA-10003953,"56,113.20",1,0,467.88
307,22-04-2017,09-05-2017,Search Engine,GM-14440,FUR-FU-10000794,"56,352.60",1,0,522.86
308,14-05-2017,29-05-2017,Social Networks,PJ-19015,FUR-FU-10000794,"56,352.60",1,0,443.86
309,20-03-2015,07-04-2015,Search Engine,BW-11110,OFF-PA-10000061,"57,862.80",3,0,559.53
310,20-06-2017,12-07-2017,Newspaper/Magazine,TR-21325,TEC-AC-10002402,"66,328.65",1,0,766.96
311,09-05-2014,30-05-2014,Newspaper/Magazine,PG-18820,TEC-AC-10003441,"58,581.00",2,0,432.27
312,04-11-2017,26-11-2017,Newspaper/Magazine,JL-15175,OFF-PA-10001560,"55,964.88",1,200,449.05
313,20-11-2015,10-12-2015,Newspaper/Magazine,BM-11650,OFF-AR-10004648,"58,250.25",1,0,477.29
314,07-11-2016,24-11-2016,Search Engine,EM-14095,OFF-BI-10001294,"57,214.80",2,200,459.8
315,13-10-2015,01-11-2015,Newspaper/Magazine,AF-10885,TEC-PH-10001552,"59,297.40",3,0,521.77
316,01-01-2017,21-01-2017,Newspaper/Magazine,GA-14725,FUR-FU-10003878,"57,730.32",2,200,452.23
317,07-02-2014,27-02-2014,Newspaper/Magazine,CK-12760,TEC-AC-10000710,"60,721.20",3,0,621.42
318,20-06-2016,10-07-2016,Employee Referral,DP-13105,OFF-AR-10002335,"55,762.20",1,0,472.37
319,03-08-2014,23-08-2014,Newspaper/Magazine,BK-11260,OFF-PA-10001019,"57,328.20",1,0,526.12
320,10-04-2017,30-04-2017,Newspaper/Magazine,SJ-20125,OFF-PA-10004569,"55,872.45",1,0,428.31
321,09-06-2014,01-07-2014,Newspaper/Magazine,CM-12445,OFF-SU-10001225,"55,861.20",1,0,429.59
322,10-01-2014,30-01-2014,Newspaper/Magazine,AJ-10780,OFF-LA-10004272,"55,660.05",1,0,497.43
323,29-09-2016,17-10-2016,Search Engine,LS-16945,OFF-LA-10004853,"56,247.12",2,200,425.72
324,06-04-2014,25-04-2014,Newspaper/Magazine,GP-14740,OFF-BI-10003719,"57,550.95",2,700,417
325,03-09-2016,20-09-2016,Search Engine,PK-18910,OFF-BI-10000545,"1,06,896.15",2,700,448
326,10-12-2014,30-12-2014,Newspaper/Magazine,SM-20005,OFF-PA-10004470,"56,041.20",1,0,477.9
327,17-09-2014,06-10-2014,Newspaper/Magazine,AG-10765,OFF-BI-10003712,"55,795.14",2,700,482
328,22-10-2016,08-11-2016,Search Engine,PM-19135,FUR-FU-10000732,"56,943.00",2,0,526.19
329,29-04-2014,19-05-2014,Newspaper/Magazine,LL-16840,FUR-FU-10001424,"56,315.70",1,0,514.75
330,25-04-2015,13-05-2015,Employee Referral,JS-15595,OFF-BI-10002071,"56,157.48",1,200,420.13
331,14-10-2017,03-11-2017,Newspaper/Magazine,EL-13735,OFF-BI-10001078,"57,224.70",3,0,502.81
332,10-11-2016,27-11-2016,Search Engine,PC-18745,OFF-ST-10002205,"62,541.90",3,0,620.29
333,03-10-2016,21-10-2016,Employee Referral,HL-15040,OFF-EN-10001099,"56,234.16",1,200,473.34
334,09-09-2014,30-09-2014,Newspaper/Magazine,MS-17365,OFF-LA-10003923,"60,192.00",3,0,639.2
335,29-10-2017,15-11-2017,Employee Referral,GB-14530,OFF-PA-10002250,"57,643.20",3,0,562.16
336,10-04-2016,27-04-2016,Search Engine,JR-16210,OFF-BI-10004716,"55,930.68",1,700,437
337,02-09-2017,22-09-2017,Newspaper/Magazine,BE-11335,TEC-PH-10001494,"1,09,521.00",2,0,"1,740.78"
338,31-05-2015,22-06-2015,Newspaper/Magazine,SC-20050,FUR-FU-10001935,"56,529.00",2,0,520.41
339,05-03-2016,26-03-2016,Newspaper/Magazine,RW-19630,OFF-EN-10000056,"62,250.84",1,200,623.63
340,11-04-2015,30-04-2015,Newspaper/Magazine,SE-20110,TEC-AC-10002473,"59,361.30",1,0,556.63
341,15-09-2016,05-10-2016,Newspaper/Magazine,AH-10075,OFF-BI-10003650,"93,400.56",1,200,"1,642.20"
342,13-09-2014,01-10-2014,Search Engine,JM-15535,OFF-PA-10003543,"56,229.84",1,200,501.77
343,05-10-2015,24-10-2015,Newspaper/Magazine,JJ-15760,OFF-AR-10000658,"57,609.00",2,0,471.74
344,02-09-2017,21-09-2017,Newspaper/Magazine,RK-19300,OFF-PA-10002195,"56,078.64",1,200,509.46
345,20-06-2016,09-07-2016,Newspaper/Magazine,CG-12040,OFF-PA-10001745,"57,557.52",3,200,513.83
346,13-12-2015,01-01-2016,Newspaper/Magazine,RP-19270,OFF-PA-10000289,"56,113.20",1,0,523.88
347,19-06-2016,05-07-2016,Search Engine,KC-16255,OFF-PA-10000350,"56,300.40",1,0,523.19
348,03-04-2017,22-04-2017,Newspaper/Magazine,KH-16360,FUR-FU-10001940,"56,676.24",2,200,495.57
349,28-12-2017,16-01-2018,Newspaper/Magazine,GH-14665,OFF-AR-10001958,"56,752.56",1,200,464.87
350,30-11-2017,19-12-2017,Newspaper/Magazine,SW-20275,OFF-ST-10000604,"63,351.00",2,0,582.8
351,15-05-2017,02-06-2017,Employee Referral,JA-15970,TEC-PH-10002923,"56,861.64",1,200,433.36
352,22-09-2015,07-10-2015,Social Networks,DL-12925,FUR-FU-10004188,"64,737.00",1,0,612.78
353,14-11-2017,04-12-2017,Newspaper/Magazine,LW-16990,FUR-CH-10002965,"70,000.56",1,200,582.55
354,27-11-2015,16-12-2015,Newspaper/Magazine,TB-21190,OFF-BI-10000145,"55,810.80",1,0,504.23
355,09-04-2017,26-04-2017,Search Engine,BS-11800,OFF-LA-10004055,"55,971.90",1,0,421.25
356,30-05-2016,15-06-2016,Search Engine,RW-19690,OFF-BI-10000848,"55,677.69",1,700,473
357,11-11-2014,29-11-2014,Employee Referral,TZ-21580,OFF-AR-10000034,"55,682.64",1,200,470.22
358,29-09-2017,20-10-2017,Newspaper/Magazine,AS-10630,OFF-LA-10001569,"55,888.56",1,200,447.36
359,10-03-2015,25-03-2015,Social Networks,TS-21340,OFF-BI-10004022,"55,580.04",1,800,469
360,29-03-2015,15-04-2015,Employee Referral,SL-20155,FUR-CH-10004086,"1,08,041.40",2,200,971.11
361,21-05-2014,09-06-2014,Newspaper/Magazine,MW-18235,OFF-BI-10003925,"1,77,746.85",3,0,"5,531.95"
362,28-10-2015,18-11-2015,Newspaper/Magazine,RD-19585,OFF-EN-10003862,"56,010.15",1,0,476.63
363,27-08-2015,15-09-2015,Newspaper/Magazine,RA-19945,OFF-ST-10000046,"77,339.25",1,0,832.33
364,06-11-2015,24-11-2015,Search Engine,MT-17815,OFF-EN-10002600,"55,848.60",1,200,477.91
365,24-11-2014,11-12-2014,Search Engine,VG-21790,FUR-FU-10001602,"62,357.40",2,0,605.24
366,21-12-2015,08-01-2016,Employee Referral,JS-15880,FUR-TA-10003748,"1,28,356.65",5,0,"1,873.17"
367,06-07-2015,25-07-2015,Newspaper/Magazine,KM-16225,FUR-FU-10002191,"56,158.20",1,0,452.8
368,17-12-2017,04-01-2018,Search Engine,HR-14770,OFF-BI-10000320,"56,061.36",1,200,431.12
369,11-01-2016,28-01-2016,Employee Referral,DE-13255,OFF-PA-10001166,"56,229.84",1,200,501.77
370,20-11-2016,07-12-2016,Search Engine,AG-10390,OFF-PA-10000955,"56,236.32",1,200,420.4
371,13-06-2015,29-06-2015,Search Engine,JJ-15445,OFF-BI-10003707,"57,178.08",1,200,498.94
372,20-11-2017,06-12-2017,Search Engine,JH-15430,OFF-AR-10000203,"56,608.56",3,200,438.79
373,20-03-2016,08-04-2016,Newspaper/Magazine,RD-19660,FUR-TA-10001095,"86,902.20",2,0,"1,031.61"
374,06-09-2016,24-09-2016,Employee Referral,MO-17500,TEC-AC-10004761,"56,963.70",1,0,488.6
375,09-07-2017,27-07-2017,Search Engine,NS-18640,OFF-AR-10001130,"55,927.80",2,200,491.93
376,03-07-2015,20-07-2015,Search Engine,DG-13300,FUR-FU-10000293,"63,110.88",1,200,421
377,04-04-2015,23-04-2015,Newspaper/Magazine,NF-18595,OFF-AR-10000716,"56,032.20",1,0,419.41
378,24-11-2016,16-12-2016,Newspaper/Magazine,MG-17650,OFF-FA-10001754,"55,728.72",1,200,504.4
379,16-04-2015,06-05-2015,Newspaper/Magazine,TS-21160,OFF-AP-10002350,"57,564.72",1,200,464.09
380,01-10-2016,17-10-2016,Search Engine,BD-11620,FUR-CH-10001146,"64,298.16",2,200,515.71
381,28-09-2017,15-10-2017,Employee Referral,CM-12160,OFF-SU-10001935,"55,608.48",1,200,412
382,20-11-2015,11-12-2015,Newspaper/Magazine,SN-20560,OFF-AR-10003732,"56,405.70",3,0,456.24
383,28-04-2016,17-05-2016,Newspaper/Magazine,EH-14005,OFF-PA-10001970,"56,856.24",1,200,462.79
384,14-11-2017,04-12-2017,Newspaper/Magazine,FO-14305,OFF-BI-10003669,"55,918.80",1,200,500.1
385,12-11-2016,04-12-2016,Newspaper/Magazine,MS-17710,OFF-BI-10003727,"55,812.15",2,700,432
386,29-09-2016,15-10-2016,Search Engine,CC-12100,OFF-AR-10000255,"57,369.60",3,0,524.52
387,23-09-2017,10-10-2017,Employee Referral,DW-13540,OFF-AP-10002191,"60,928.20",1,0,603.36
388,29-11-2015,19-12-2015,Newspaper/Magazine,BT-11395,OFF-PA-10000349,"56,426.40",2,0,441.45
389,15-08-2016,04-09-2016,Employee Referral,CY-12745,TEC-PH-10004896,"58,768.92",1,200,524.79
390,27-12-2015,15-01-2016,Newspaper/Magazine,BT-11485,OFF-PA-10000605,"56,830.50",2,0,499.64
391,21-01-2017,10-02-2017,Newspaper/Magazine,PS-19045,OFF-ST-10004340,"71,199.36",3,200,611.87
392,14-06-2016,02-07-2016,Search Engine,PV-18985,OFF-AR-10001545,"55,846.80",2,0,410.17
393,21-10-2016,11-11-2016,Newspaper/Magazine,NM-18520,OFF-PA-10001892,"56,561.40",1,0,447.92
394,22-07-2016,08-08-2016,Employee Referral,DL-13495,OFF-LA-10003766,"55,813.50",1,0,454.1
395,04-09-2015,23-09-2015,Newspaper/Magazine,CS-12355,OFF-PA-10001970,"68,125.50",2,0,961.6
396,12-11-2016,30-11-2016,Employee Referral,FH-14275,OFF-EN-10002831,"68,468.40",3,0,942.54
397,04-04-2015,19-04-2015,Social Networks,NC-18340,OFF-AP-10003849,"84,513.42",1,100,913.38
398,29-06-2017,19-07-2017,Newspaper/Magazine,AA-10315,OFF-AP-10000576,"71,862.30",1,0,804.94
399,01-09-2014,20-09-2014,Employee Referral,LT-16765,OFF-AR-10004042,"57,957.30",1,0,541.57
400,03-03-2014,23-03-2014,Newspaper/Magazine,AP-10720,TEC-PH-10004700,"55,979.55",1,0,497.38
401,04-05-2014,23-05-2014,Newspaper/Magazine,PM-18940,OFF-BI-10001294,"57,636.00",2,0,546.24
402,27-12-2014,14-01-2015,Employee Referral,AT-10435,OFF-LA-10004425,"56,050.20",2,0,495.73
403,24-04-2016,12-05-2016,Employee Referral,CA-12055,TEC-AC-10003174,"67,171.32",1,200,671.7
404,24-11-2014,15-12-2014,Newspaper/Magazine,HR-14830,OFF-BI-10004656,"56,074.32",3,200,492.93
405,26-02-2017,15-03-2017,Employee Referral,BT-11530,OFF-AP-10004532,"59,216.40",2,0,505.47
406,01-08-2017,19-08-2017,Search Engine,LH-16750,TEC-PH-10002660,"67,768.20",2,200,495.99
407,14-07-2016,02-08-2016,Employee Referral,SW-20755,OFF-ST-10004634,"56,034.45",1,0,494.45
408,09-09-2017,28-09-2017,Newspaper/Magazine,SP-20620,FUR-CH-10004860,"61,891.74",1,300,481
409,12-07-2014,31-07-2014,Newspaper/Magazine,BF-11170,OFF-ST-10000107,"66,768.75",3,0,595.82
410,31-10-2015,17-11-2015,Employee Referral,KT-16480,OFF-AR-10000369,"55,655.10",1,0,451.89
411,30-05-2016,16-06-2016,Search Engine,BG-11695,TEC-CO-10001046,"93,329.46",1,400,772
412,11-08-2014,30-08-2014,Newspaper/Magazine,GM-14680,FUR-FU-10003691,"56,085.75",1,0,452.74
413,14-05-2017,05-06-2017,Newspaper/Magazine,EJ-14155,OFF-EN-10004955,"57,721.05",3,0,586.43
414,12-12-2014,29-12-2014,Employee Referral,NP-18700,FUR-TA-10004619,"89,940.96",2,200,845.34
415,10-03-2017,29-03-2017,Newspaper/Magazine,MH-18115,OFF-AR-10003958,"55,766.16",1,200,499.36
416,23-10-2017,11-11-2017,Newspaper/Magazine,JR-15700,TEC-PH-10004586,"94,404.60",1,200,839.94
417,28-10-2016,19-11-2016,Newspaper/Magazine,SM-20950,OFF-BI-10004236,"56,322.72",2,700,424
418,01-10-2016,17-10-2016,Search Engine,CC-12220,TEC-PH-10000215,"58,675.50",1,0,506.49
419,02-09-2017,22-09-2017,Newspaper/Magazine,PF-19225,OFF-AR-10000422,"55,825.65",1,0,415.1
420,04-06-2017,23-06-2017,Newspaper/Magazine,DC-12850,OFF-PA-10002870,"56,091.60",1,0,452.46
421,02-05-2016,22-05-2016,Newspaper/Magazine,BD-11770,OFF-AR-10004022,"59,415.84",1,200,500.59
422,26-06-2016,18-07-2016,Newspaper/Magazine,GM-14500,OFF-ST-10000617,"56,200.50",2,0,494.17
423,22-11-2016,11-12-2016,Newspaper/Magazine,TB-21355,FUR-FU-10000397,"57,324.60",1,0,453.67
424,25-05-2015,13-06-2015,Newspaper/Magazine,JH-16180,OFF-AP-10004487,"93,587.76",5,200,800.29
425,30-12-2017,18-01-2018,Newspaper/Magazine,EB-13975,OFF-BI-10002103,"56,155.68",1,200,431.08
426,08-12-2016,27-12-2016,Employee Referral,QJ-19255,TEC-PH-10003555,"60,702.75",2,0,413.2
427,19-09-2015,09-10-2015,Employee Referral,TC-21535,FUR-BO-10003433,"58,318.20",1,0,418.35
428,03-07-2017,22-07-2017,Newspaper/Magazine,CS-12460,FUR-FU-10002554,"56,609.55",1,0,466.07
429,18-12-2016,07-01-2017,Newspaper/Magazine,HG-14965,OFF-PA-10003072,"57,279.60",2,0,476.65
430,01-07-2014,20-07-2014,Newspaper/Magazine,LW-16825,TEC-PH-10004586,"81,446.40",1,200,700.96
431,03-02-2017,23-02-2017,Newspaper/Magazine,MC-17575,OFF-BI-10002071,"55,765.31",1,700,467
432,03-03-2017,23-03-2017,Newspaper/Magazine,LP-17095,OFF-AP-10004859,"58,806.00",2,0,495.62
433,09-10-2017,25-10-2017,Search Engine,EB-14170,OFF-PA-10002659,"56,016.72",2,200,421.06
434,28-09-2014,18-10-2014,Newspaper/Magazine,GZ-14545,OFF-ST-10001321,"57,611.70",1,0,534.96
435,30-03-2016,16-04-2016,Search Engine,CP-12085,OFF-PA-10004156,"56,040.30",1,0,429.23
436,15-10-2017,02-11-2017,Employee Referral,FG-14260,OFF-AR-10002818,"59,486.40",2,0,593.5
437,23-05-2016,11-06-2016,Newspaper/Magazine,LD-17005,FUR-FU-10003691,"57,197.25",1,0,559.21
438,02-06-2017,21-06-2017,Newspaper/Magazine,AB-10255,TEC-PH-10000347,"55,663.65",1,400,472
439,16-02-2014,08-03-2014,Newspaper/Magazine,MN-17935,OFF-BI-10002012,"55,578.60",1,800,470
440,16-05-2016,07-06-2016,Newspaper/Magazine,JR-15670,OFF-ST-10002574,"80,395.20",2,0,469
441,02-04-2017,22-04-2017,Newspaper/Magazine,JF-15190,FUR-FU-10003724,"56,659.95",1,0,498.11
442,31-03-2017,17-04-2017,Employee Referral,CM-12115,FUR-FU-10004018,"56,870.10",1,0,489.16
443,02-01-2017,19-01-2017,Search Engine,AS-10045,TEC-MA-10002178,"86,836.50",1,500,439
444,03-10-2014,23-10-2014,Employee Referral,BP-11290,FUR-CH-10002880,"67,152.56",1,300,500
445,05-05-2016,22-05-2016,Search Engine,ND-18370,OFF-PA-10003641,"59,091.30",1,0,620.62
446,26-04-2017,12-05-2017,Search Engine,LB-16735,FUR-FU-10000010,"55,619.46",1,600,410
447,26-09-2014,16-10-2014,Employee Referral,KT-16465,FUR-CH-10002961,"62,080.56",1,200,475
448,19-10-2017,09-11-2017,Newspaper/Magazine,HM-14860,OFF-AR-10002956,"61,076.52",3,200,517.98
449,10-11-2017,26-11-2017,Search Engine,AB-10600,OFF-BI-10001036,"57,257.46",5,700,424
450,08-07-2017,26-07-2017,Search Engine,SZ-20035,FUR-FU-10001588,"62,095.50",2,0,653.95
451,07-03-2017,27-03-2017,Newspaper/Magazine,MG-17890,TEC-AC-10004510,"57,738.60",1,0,502.63
452,03-09-2016,24-09-2016,Newspaper/Magazine,JK-16120,FUR-FU-10003394,"59,307.84",1,600,499
453,05-02-2016,20-02-2016,Social Networks,PP-18955,OFF-ST-10002344,"59,174.10",1,0,454.48
454,03-07-2017,19-07-2017,Search Engine,YS-21880,OFF-AR-10003514,"55,959.84",1,200,498.21
455,01-11-2016,20-11-2016,Newspaper/Magazine,KM-16375,TEC-PH-10003988,"56,511.00",1,0,507.42
456,25-09-2016,15-10-2016,Newspaper/Magazine,AB-10105,FUR-TA-10002356,"73,222.43",1,500,416
457,30-06-2014,20-07-2014,Newspaper/Magazine,HA-14905,OFF-BI-10002867,"70,594.56",3,200,927.2
458,28-01-2017,15-02-2017,Employee Referral,BT-11305,TEC-AC-10000580,"66,328.65",1,0,559.59
459,21-09-2015,09-10-2015,Search Engine,SV-20815,TEC-PH-10002922,"98,115.48",3,200,939.17
460,26-09-2015,15-10-2015,Newspaper/Magazine,RW-19540,OFF-PA-10000501,"59,412.24",2,200,541.09
461,31-10-2015,19-11-2015,Employee Referral,DK-12835,OFF-BI-10002949,"55,967.76",1,200,415.13
462,20-06-2017,12-07-2017,Newspaper/Magazine,ST-20530,OFF-PA-10001639,"56,929.68",2,200,456.55
463,19-12-2017,08-01-2018,Employee Referral,MM-17920,OFF-BI-10001510,"57,180.24",1,200,518.84
464,05-08-2017,23-08-2017,Search Engine,PW-19030,OFF-PA-10002713,"56,149.20",1,0,512.32
465,01-10-2015,21-10-2015,Newspaper/Magazine,SC-20440,OFF-ST-10002974,"61,804.08",2,200,569.71
466,19-07-2015,04-08-2015,Search Engine,TS-21085,OFF-BI-10004352,"55,621.13",1,700,493
467,26-11-2016,14-12-2016,Search Engine,MC-17425,OFF-PA-10001685,"58,724.10",3,0,622.12
468,12-06-2017,04-07-2017,Newspaper/Magazine,ME-17320,OFF-BI-10000977,"59,634.00",1,0,664.81
469,25-09-2016,16-10-2016,Newspaper/Magazine,NH-18610,OFF-LA-10001569,"56,247.12",2,200,438.72
470,11-03-2016,30-03-2016,Newspaper/Magazine,MB-18085,FUR-TA-10001095,"66,510.27",1,300,491
471,16-12-2016,03-01-2017,Search Engine,KD-16495,OFF-FA-10001754,"55,695.60",1,0,439.21
472,11-07-2017,30-07-2017,Newspaper/Magazine,KN-16390,OFF-LA-10004272,"55,920.15",1,0,477.3
473,19-11-2016,10-12-2016,Newspaper/Magazine,NP-18685,OFF-AR-10003770,"56,307.60",2,0,502.04
474,13-11-2016,02-12-2016,Newspaper/Magazine,CS-12505,OFF-SU-10000381,"57,876.12",3,200,478.46
475,27-11-2014,18-12-2014,Newspaper/Magazine,MS-17770,OFF-FA-10003021,"55,699.20",1,0,466.26
476,03-11-2015,22-11-2015,Newspaper/Magazine,CM-12655,TEC-PH-10003580,"1,10,108.16",3,200,878.5
477,29-11-2014,21-12-2014,Newspaper/Magazine,Co-12640,OFF-LA-10000452,"55,756.80",1,200,409.06
478,24-11-2017,13-12-2017,Newspaper/Magazine,TS-21370,OFF-PA-10001838,"55,794.60",1,0,411.52
479,30-10-2017,18-11-2017,Newspaper/Magazine,JW-15220,FUR-FU-10002885,"55,963.80",1,0,494.65
480,04-09-2017,23-09-2017,Newspaper/Magazine,JD-15790,OFF-AR-10003759,"55,988.64",3,200,441.74
481,01-08-2015,22-08-2015,Newspaper/Magazine,PC-19000,OFF-AR-10001868,"55,832.40",2,0,423.44
482,24-12-2017,13-01-2018,Newspaper/Magazine,AR-10540,OFF-BI-10003708,"56,334.60",1,200,492.35
483,11-12-2017,01-01-2018,Newspaper/Magazine,AI-10855,FUR-CH-10002961,"58,395.87",1,300,404
484,03-02-2014,21-02-2014,Employee Referral,TB-21400,OFF-BI-10004593,"59,302.80",1,200,573.99
485,16-04-2017,06-05-2017,Newspaper/Magazine,PL-18925,OFF-AR-10001419,"56,273.40",2,200,421.26
486,06-12-2015,26-12-2015,Newspaper/Magazine,GH-14425,FUR-FU-10002253,"64,805.04",2,200,603.81
487,10-02-2017,01-03-2017,Newspaper/Magazine,MP-18175,FUR-BO-10004015,"64,709.24",1,150,509.19
488,29-10-2016,17-11-2016,Newspaper/Magazine,JM-15655,OFF-ST-10000419,"57,363.30",1,0,441.63
489,15-09-2017,02-10-2017,Employee Referral,CL-11890,TEC-PH-10000439,"57,329.55",1,0,480.39
490,04-02-2014,23-02-2014,Newspaper/Magazine,DB-13270,OFF-BI-10004230,"59,260.32",1,200,566.05
491,17-06-2016,07-07-2016,Newspaper/Magazine,IG-15085,OFF-PA-10000806,"60,568.20",1,0,719.44
492,16-10-2017,05-11-2017,Newspaper/Magazine,BO-11425,OFF-BI-10003719,"61,143.75",2,0,702.54
493,04-09-2017,23-09-2017,Newspaper/Magazine,AB-10150,TEC-AC-10000171,"59,668.20",2,0,653.17
494,09-05-2016,30-05-2016,Newspaper/Magazine,JW-16075,OFF-EN-10003134,"55,950.48",1,200,505.02
495,09-04-2016,28-04-2016,Newspaper/Magazine,EB-13750,OFF-BI-10003712,"57,120.84",3,200,475.26
496,30-06-2017,15-07-2017,Social Networks,SG-20470,FUR-TA-10000577,"1,02,538.35",2,400,488
497,09-11-2015,24-11-2015,Social Networks,CM-12190,OFF-PA-10004000,"56,040.84",1,200,444.46
498,29-11-2015,15-12-2015,Search Engine,AW-10840,TEC-AC-10003038,"56,496.60",1,200,450
499,15-12-2014,02-01-2015,Search Engine,MC-18100,TEC-PH-10000169,"57,360.60",1,200,417
500,22-04-2016,12-05-2016,Newspaper/Magazine,TT-21460,OFF-ST-10002406,"56,607.84",1,200,495.58
501,12-05-2016,31-05-2016,Newspaper/Magazine,VG-21805,OFF-AR-10001662,"56,023.20",2,0,472.84
502,15-04-2016,04-05-2016,Newspaper/Magazine,MY-18295,OFF-AR-10001221,"57,036.96",3,200,479.44
503,23-06-2015,10-07-2015,Employee Referral,RD-19480,TEC-PH-10004830,"64,600.56",2,200,565.71
504,24-03-2015,11-04-2015,Search Engine,DP-13390,FUR-BO-10000362,"71,687.61",1,300,465
505,26-05-2014,14-06-2014,Newspaper/Magazine,ML-17395,FUR-BO-10000362,"68,609.97",1,150,535.43
506,08-07-2017,30-07-2017,Newspaper/Magazine,JC-15385,FUR-FU-10002937,"64,460.70",1,0,863.92
507,19-12-2015,08-01-2016,Newspaper/Magazine,JG-15160,TEC-PH-10002922,"85,948.20",2,200,772.98
508,24-09-2015,15-10-2015,Newspaper/Magazine,MC-17275,FUR-CH-10001270,"78,817.50",2,0,"1,103.00"
509,26-11-2014,17-12-2014,Newspaper/Magazine,NW-18400,OFF-PA-10001166,"56,229.84",1,200,473.77
510,26-05-2016,16-06-2016,Newspaper/Magazine,TB-21280,OFF-PA-10002689,"56,404.80",1,0,517.32
511,29-11-2014,19-12-2014,Newspaper/Magazine,BS-11380,OFF-FA-10003112,"56,098.08",1,200,480.78
512,29-08-2014,13-09-2014,Social Networks,HH-15010,OFF-PA-10004475,"60,476.40",1,0,700.44
513,18-11-2017,06-12-2017,Search Engine,CD-12280,OFF-ST-10003442,"63,165.60",2,0,591.25
514,20-01-2017,10-02-2017,Newspaper/Magazine,TH-21100,TEC-PH-10004922,"62,764.92",1,200,449.19
515,30-10-2017,21-11-2017,Newspaper/Magazine,MM-18055,OFF-BI-10004330,"59,523.84",1,200,513.94
516,24-11-2016,11-12-2016,Employee Referral,NS-18505,OFF-ST-10001325,"57,416.40",2,200,469.67
517,22-03-2016,09-04-2016,Search Engine,RB-19645,TEC-AC-10001013,"58,166.10",1,0,562.33
518,11-12-2015,27-12-2015,Search Engine,SW-20455,OFF-LA-10003930,"64,377.90",1,0,855.38
519,18-05-2016,08-06-2016,Newspaper/Magazine,EB-13930,OFF-ST-10000604,"60,222.60",1,0,580.28
520,29-09-2016,16-10-2016,Employee Referral,PS-18760,OFF-PA-10000176,"56,383.65",1,0,531.42
521,09-12-2017,30-12-2017,Newspaper/Magazine,HF-14995,OFF-PA-10000575,"57,035.25",2,0,487.55
522,14-03-2016,03-04-2016,Newspaper/Magazine,HZ-14950,FUR-FU-10004020,"56,514.60",2,200,509.16
523,02-02-2014,21-02-2014,Newspaper/Magazine,CD-12790,OFF-FA-10001843,"56,085.75",2,0,437.22
524,30-10-2017,20-11-2017,Newspaper/Magazine,JK-15205,OFF-LA-10003077,"57,503.70",2,0,533.46
525,29-04-2017,19-05-2017,Employee Referral,FM-14215,FUR-TA-10001307,"1,02,705.75",2,400,413
526,09-08-2014,31-08-2014,Newspaper/Magazine,ED-13885,OFF-LA-10000262,"56,469.60",3,0,531.42
527,25-04-2014,14-05-2014,Newspaper/Magazine,DA-13450,OFF-PA-10003543,"55,996.56",1,200,492.52
528,14-10-2017,01-11-2017,Search Engine,JW-15955,FUR-FU-10001918,"55,955.70",1,0,454.76
529,11-05-2014,01-06-2014,Newspaper/Magazine,RM-19375,TEC-AC-10001013,"57,638.88",1,200,498.46
530,04-08-2016,23-08-2016,Newspaper/Magazine,ML-17755,OFF-SU-10002573,"57,107.70",1,0,526.07
531,22-03-2014,10-04-2014,Newspaper/Magazine,CC-12685,OFF-BI-10004410,"55,873.98",2,700,498
532,22-09-2017,11-10-2017,Newspaper/Magazine,JE-15610,OFF-PA-10004475,"65,422.80",2,0,919.89
533,15-02-2015,06-03-2015,Newspaper/Magazine,RP-19855,TEC-PH-10001819,"61,603.65",1,0,708.14
534,08-12-2014,28-12-2014,Newspaper/Magazine,TB-21175,OFF-ST-10000777,"58,248.72",1,200,434.17
535,05-09-2016,25-09-2016,Newspaper/Magazine,BE-11455,OFF-AR-10004022,"60,387.30",1,0,553.94
536,08-08-2016,25-08-2016,Employee Referral,JF-15565,OFF-FA-10000585,"56,032.56",2,200,460.52
537,11-02-2016,28-02-2016,Search Engine,PB-19210,TEC-PH-10004897,"58,676.85",3,0,474.8
538,20-11-2017,11-12-2017,Newspaper/Magazine,BT-11680,FUR-FU-10001861,"59,022.00",2,200,576.52
539,25-05-2014,13-06-2014,Newspaper/Magazine,JL-15235,OFF-AP-10001394,"58,932.00",1,800,470
540,08-02-2016,26-02-2016,Employee Referral,CH-12070,TEC-PH-10002624,"1,06,288.92",1,200,961.59
541,13-07-2015,30-07-2015,Employee Referral,ND-18460,OFF-PA-10000019,"57,279.60",2,0,553.65
542,01-08-2014,20-08-2014,Newspaper/Magazine,BF-10975,OFF-LA-10000240,"56,319.48",1,200,469.68
543,18-07-2016,07-08-2016,Newspaper/Magazine,KH-16330,FUR-CH-10000988,"61,866.45",1,0,585.71
544,29-07-2017,17-08-2017,Newspaper/Magazine,GW-14605,TEC-AC-10003027,"59,605.65",1,0,498.1
545,13-10-2016,01-11-2016,Newspaper/Magazine,NC-18625,FUR-TA-10004575,"88,265.25",2,500,498
546,21-07-2014,09-08-2014,Newspaper/Magazine,ME-18010,OFF-AR-10002067,"59,994.00",2,0,521.17
547,21-11-2017,10-12-2017,Newspaper/Magazine,BP-11230,FUR-TA-10004767,"58,724.10",1,0,536.34
548,25-03-2017,13-04-2017,Newspaper/Magazine,JC-15775,TEC-PH-10000984,"76,696.92",1,200,682.15
549,02-12-2017,20-12-2017,Search Engine,AS-10090,OFF-AR-10001446,"57,089.25",1,0,464.58
550,03-10-2017,21-10-2017,Search Engine,AC-10450,OFF-BI-10001359,"1,36,259.10",1,0,"3,813.68"
551,21-10-2017,08-11-2017,Search Engine,MD-17860,OFF-ST-10002743,"96,440.40",3,0,493.36
552,18-12-2017,07-01-2018,Newspaper/Magazine,DB-13660,FUR-FU-10001037,"56,383.20",1,0,470.13
553,15-01-2014,01-02-2014,Search Engine,EH-13990,TEC-AC-10003628,"62,277.75",2,0,685.91
554,17-08-2017,03-09-2017,Search Engine,EH-13765,OFF-BI-10003091,"95,846.40",2,200,"1,619.49"
555,08-07-2016,25-07-2016,Employee Referral,SC-20230,TEC-PH-10004345,"94,393.80",3,200,857.82
556,08-07-2016,27-07-2016,Newspaper/Magazine,JE-15715,OFF-BI-10002082,"56,428.56",1,700,447
557,02-09-2017,21-09-2017,Newspaper/Magazine,AC-10615,OFF-AR-10000658,"56,569.50",1,0,425.87
558,14-12-2014,03-01-2015,Newspaper/Magazine,JD-16015,OFF-BI-10001249,"55,759.68",2,800,442
559,25-07-2016,11-08-2016,Search Engine,CB-12415,TEC-CO-10001449,"1,20,328.92",2,400,"1,225.99"
560,02-12-2017,19-12-2017,Employee Referral,JS-16030,OFF-AP-10002534,"68,787.90",2,800,427
561,11-04-2017,03-05-2017,Newspaper/Magazine,LW-17215,TEC-AC-10001767,"64,527.75",2,0,570.98
562,11-12-2015,26-12-2015,Social Networks,SC-20800,TEC-AC-10001606,"62,729.28",1,200,547.99
563,18-09-2016,08-10-2016,Newspaper/Magazine,AM-10705,FUR-CH-10001854,"71,324.10",1,0,806.94
564,19-09-2016,06-10-2016,Search Engine,RH-19510,OFF-ST-10001490,"1,27,810.35",3,0,"2,393.48"
565,25-09-2017,14-10-2017,Newspaper/Magazine,CT-11995,OFF-BI-10002976,"55,901.70",1,0,434.53
566,17-07-2016,05-08-2016,Newspaper/Magazine,MC-17590,OFF-AP-10004487,"62,848.80",1,0,644.16
567,21-07-2016,07-08-2016,Employee Referral,CC-12610,OFF-BI-10000301,"55,617.35",1,700,438
568,20-11-2017,10-12-2017,Newspaper/Magazine,KA-16525,FUR-CH-10003956,"68,306.40",2,200,412
569,26-11-2016,17-12-2016,Newspaper/Magazine,TC-20980,OFF-BI-10002954,"55,859.04",1,200,478.24
570,12-09-2017,30-09-2017,Search Engine,BF-11080,OFF-PA-10004082,"57,325.50",2,0,502.8
571,15-07-2017,03-08-2017,Newspaper/Magazine,MM-17260,OFF-BI-10004094,"56,724.75",1,0,537.04
572,18-07-2014,02-08-2014,Social Networks,AH-10120,FUR-CH-10002372,"67,191.12",2,200,443
573,30-09-2014,20-10-2014,Newspaper/Magazine,BW-11200,OFF-PA-10004888,"56,229.84",1,200,425.77
574,19-09-2016,08-10-2016,Newspaper/Magazine,SW-20245,OFF-PA-10002222,"62,724.60",3,0,761.18
575,23-06-2014,13-07-2014,Newspaper/Magazine,BS-11665,TEC-AC-10000158,"59,416.92",1,200,458.32
576,20-05-2014,06-06-2014,Employee Referral,RF-19345,OFF-AP-10000124,"57,027.60",2,0,512.27
577,30-11-2015,19-12-2015,Newspaper/Magazine,WB-21850,OFF-BI-10003656,"62,414.60",1,700,434
578,31-12-2015,20-01-2016,Newspaper/Magazine,TB-21625,FUR-FU-10002364,"56,194.20",2,600,432
579,19-11-2017,11-12-2017,Newspaper/Magazine,AF-10870,FUR-CH-10001973,"66,017.61",1,300,407
580,24-11-2014,14-12-2014,Employee Referral,RB-19435,TEC-AC-10001772,"60,560.55",3,0,590.39
581,13-03-2017,03-04-2017,Newspaper/Magazine,KF-16285,OFF-PA-10004359,"69,684.75",1,0,"1,054.94"
582,27-01-2017,14-02-2017,Employee Referral,JH-15820,OFF-AR-10004078,"56,160.72",1,200,441.01
583,01-08-2014,18-08-2014,Search Engine,IL-15100,OFF-BI-10004506,"56,418.84",1,200,472.65
584,15-10-2016,05-11-2016,Newspaper/Magazine,PB-18805,OFF-PA-10000740,"57,585.60",1,0,541.05
585,14-07-2016,29-07-2016,Social Networks,RH-19600,TEC-AC-10002345,"56,835.00",1,0,522
586,14-07-2014,04-08-2014,Newspaper/Magazine,AW-10930,OFF-BI-10001098,"56,876.94",3,800,498
587,14-11-2014,01-12-2014,Employee Referral,ML-17410,TEC-PH-10001079,"93,011.85",3,0,"1,404.88"
588,20-09-2014,10-10-2014,Newspaper/Magazine,DB-13555,OFF-AR-10003469,"55,656.72",1,200,423.94
589,28-07-2017,16-08-2017,Newspaper/Magazine,MH-17620,OFF-BI-10000145,"55,979.28",2,200,488.48
590,06-12-2015,21-12-2015,Social Networks,DK-13375,TEC-PH-10001578,"77,397.30",1,400,427
591,19-03-2016,05-04-2016,Employee Referral,BT-11440,FUR-BO-10002202,"58,783.23",1,700,426
592,26-06-2017,16-07-2017,Newspaper/Magazine,DB-13405,FUR-FU-10000293,"79,220.25",2,0,591.35
593,15-11-2016,02-12-2016,Employee Referral,TG-21310,OFF-BI-10003527,"1,01,285.64",1,200,"2,019.19"
594,21-11-2017,10-12-2017,Newspaper/Magazine,BF-11005,OFF-ST-10003442,"58,075.20",1,0,495.08
595,15-02-2015,05-03-2015,Employee Referral,JM-16195,OFF-PA-10004285,"56,131.20",1,0,506.65
596,08-11-2015,25-11-2015,Employee Referral,MZ-17335,OFF-FA-10002280,"55,755.00",1,0,424.6
597,18-12-2015,02-01-2016,Social Networks,MW-18220,TEC-AC-10002253,"63,010.80",1,0,576.74
598,06-02-2017,24-02-2017,Search Engine,MV-17485,FUR-BO-10004015,"71,728.65",1,0,717.77
599,12-10-2017,27-10-2017,Social Networks,SM-20320,OFF-PA-10003919,"55,888.56",1,200,465.76
600,17-09-2017,02-10-2017,Social Networks,TP-21415,OFF-PA-10002001,"56,113.20",1,0,469.4
601,30-10-2017,17-11-2017,Search Engine,JK-15625,FUR-CH-10003833,"59,920.56",1,200,430
602,05-05-2016,23-05-2016,Search Engine,PJ-18835,OFF-PA-10003971,"56,175.84",1,200,438.81
603,08-01-2017,26-01-2017,Search Engine,RS-19420,FUR-TA-10001950,"95,714.10",1,0,729.47
604,05-11-2017,24-11-2017,Newspaper/Magazine,SV-20935,TEC-AC-10001432,"73,113.75",2,0,"1,161.72"
605,11-06-2017,27-06-2017,Search Engine,BC-11125,FUR-CH-10001394,"68,165.64",1,200,562.4
606,20-07-2017,09-08-2017,Newspaper/Magazine,EM-13825,OFF-LA-10004093,"56,187.90",1,0,512.49
607,15-09-2015,04-10-2015,Employee Referral,BM-11575,OFF-BI-10002082,"59,124.24",1,200,600.81
608,23-09-2017,11-10-2017,Search Engine,KN-16705,OFF-EN-10004147,"56,175.84",1,200,465.81
609,30-09-2014,19-10-2014,Newspaper/Magazine,KW-16570,OFF-AP-10000696,"58,644.72",2,200,516.99
610,31-08-2015,17-09-2015,Search Engine,SC-20260,FUR-BO-10002545,"1,25,407.40",3,150,"1,253.82"
611,25-03-2017,10-04-2017,Search Engine,CV-12295,OFF-AP-10002403,"63,451.80",2,0,585.08
612,06-12-2015,25-12-2015,Newspaper/Magazine,SG-20605,OFF-PA-10004255,"55,821.60",1,0,508.44
613,20-01-2017,09-02-2017,Newspaper/Magazine,TM-21010,OFF-AR-10003631,"56,619.00",2,0,463.94
614,07-06-2015,24-06-2015,Employee Referral,EM-13810,OFF-BI-10004187,"55,868.40",2,200,446.53
615,12-10-2017,02-11-2017,Newspaper/Magazine,ML-18040,TEC-AC-10002842,"82,305.00",2,0,799.8
616,18-04-2016,08-05-2016,Newspaper/Magazine,CR-12580,OFF-ST-10003656,"65,896.92",1,200,437
617,25-03-2014,16-04-2014,Newspaper/Magazine,AZ-10750,FUR-CH-10002439,"72,035.37",3,100,712.83
618,18-11-2014,05-12-2014,Employee Referral,PW-19240,FUR-TA-10000849,"62,099.10",1,500,464
619,11-07-2015,28-07-2015,Employee Referral,SC-20380,OFF-PA-10001763,"56,878.65",1,0,466.95
620,22-01-2016,12-02-2016,Newspaper/Magazine,CM-11935,FUR-FU-10002107,"56,172.24",3,200,435.13
621,04-09-2017,23-09-2017,Employee Referral,GM-14695,FUR-TA-10000198,"1,15,035.84",1,200,414
622,09-10-2015,28-10-2015,Employee Referral,TB-21250,TEC-PH-10001835,"83,968.20",2,0,"1,699.36"
623,19-11-2014,08-12-2014,Newspaper/Magazine,JM-15865,TEC-PH-10002885,"2,60,226.45",3,0,"5,404.71"
624,16-06-2014,07-07-2014,Newspaper/Magazine,SC-20575,FUR-CH-10000225,"84,682.80",3,0,600.57
625,17-06-2017,05-07-2017,Search Engine,LS-17200,OFF-PA-10001892,"56,080.08",1,200,500.72
626,14-11-2016,04-12-2016,Newspaper/Magazine,RR-19315,OFF-LA-10000248,"55,862.10",1,0,508.87
627,02-12-2017,21-12-2017,Newspaper/Magazine,DB-12910,OFF-BI-10002429,"57,584.70",2,700,493
628,06-04-2015,25-04-2015,Newspaper/Magazine,TT-21220,OFF-AR-10004078,"57,422.16",3,200,484.02
629,06-09-2015,23-09-2015,Search Engine,LO-17170,TEC-AC-10003499,"57,614.40",2,0,541.26
630,30-04-2016,19-05-2016,Newspaper/Magazine,KD-16615,FUR-FU-10002759,"60,564.96",3,200,532.51
631,26-09-2014,16-10-2014,Employee Referral,NB-18580,OFF-AP-10002191,"62,007.84",1,200,472.58
632,21-12-2017,08-01-2018,Search Engine,BD-11635,TEC-AC-10003116,"58,725.00",2,0,531.76
633,12-08-2016,30-08-2016,Employee Referral,CM-12235,TEC-AC-10004145,"1,18,527.48",3,200,670.99
634,04-06-2016,19-06-2016,Social Networks,EN-13780,OFF-PA-10000349,"56,202.30",1,0,446.09
635,16-12-2014,05-01-2015,Newspaper/Magazine,KN-16450,OFF-BI-10000591,"55,582.52",1,700,499
636,28-04-2016,20-05-2016,Newspaper/Magazine,BO-11350,FUR-CH-10002304,"57,400.56",1,200,494.39
637,26-04-2014,18-05-2014,Newspaper/Magazine,AG-10300,FUR-CH-10004886,"65,892.60",1,200,522.11
638,03-12-2014,21-12-2014,Employee Referral,MC-17635,OFF-PA-10001972,"56,696.40",2,0,458.77
639,22-10-2017,08-11-2017,Search Engine,TA-21385,TEC-CO-10004722,"5,59,528.56",2,200,"16,119.96"
640,15-05-2017,04-06-2017,Newspaper/Magazine,JF-15295,FUR-FU-10000076,"57,328.20",1,0,508.73
641,15-08-2015,03-09-2015,Newspaper/Magazine,TT-21265,OFF-ST-10000046,"70,069.50",1,0,693.56
642,12-06-2017,03-07-2017,Newspaper/Magazine,SB-20170,OFF-PA-10000697,"56,386.80",2,0,530.32
643,14-04-2017,30-04-2017,Search Engine,CL-12700,OFF-BI-10003460,"55,924.20",1,0,442.82
644,01-10-2016,16-10-2016,Social Networks,HG-15025,TEC-AC-10003832,"59,108.04",1,200,506.49
645,25-08-2015,14-09-2015,Newspaper/Magazine,NL-18310,FUR-CH-10002774,"57,365.28",1,200,441.35
646,09-09-2014,27-09-2014,Employee Referral,RR-19525,OFF-PA-10001144,"63,019.80",1,0,788.56
647,03-12-2017,18-12-2017,Social Networks,TC-21295,OFF-PA-10000357,"63,019.80",1,0,748.56
648,21-06-2014,06-07-2014,Social Networks,SV-20785,OFF-BI-10001116,"56,028.96",3,700,475
649,07-02-2016,24-02-2016,Search Engine,BE-11410,OFF-PA-10003465,"56,895.84",1,200,446.49
650,26-08-2017,16-09-2017,Newspaper/Magazine,SC-20680,TEC-AC-10000158,"58,769.10",1,0,559.46
651,04-10-2014,23-10-2014,Newspaper/Magazine,DF-13135,OFF-LA-10004689,"56,180.25",2,0,464.17
652,13-02-2017,06-03-2017,Newspaper/Magazine,FH-14350,OFF-AR-10001547,"55,828.35",1,0,465.16
653,04-11-2014,23-11-2014,Newspaper/Magazine,MS-17530,FUR-FU-10004671,"57,120.30",1,0,471.72
654,04-12-2015,23-12-2015,Newspaper/Magazine,RH-19555,OFF-BI-10001553,"55,900.17",1,700,485
655,17-04-2015,06-05-2015,Newspaper/Magazine,GA-14515,OFF-AR-10003251,"55,780.20",1,0,451.9
656,11-03-2016,30-03-2016,Newspaper/Magazine,JP-16135,FUR-FU-10004270,"58,991.40",2,0,586.15
657,26-05-2014,13-06-2014,Search Engine,Dp-13240,OFF-PA-10002893,"57,708.00",2,0,582.93
658,02-04-2015,22-04-2015,Newspaper/Magazine,MO-17950,OFF-AP-10001242,"56,978.64",1,800,454
659,03-11-2017,23-11-2017,Newspaper/Magazine,DL-13330,FUR-FU-10000629,"57,391.65",1,0,477.5
660,25-07-2015,11-08-2015,Employee Referral,MH-18025,OFF-FA-10004395,"55,953.90",1,0,411.88
661,01-09-2015,23-09-2015,Newspaper/Magazine,DR-12940,OFF-BI-10001510,"60,687.00",2,0,633.28
662,05-05-2016,23-05-2016,Search Engine,DM-13015,OFF-BI-10003784,"55,832.40",2,200,501.41
663,26-01-2017,15-02-2017,Employee Referral,CA-11965,OFF-AR-10001547,"56,226.15",3,0,482.71
664,23-03-2017,11-04-2017,Newspaper/Magazine,AC-10660,OFF-ST-10001809,"61,997.76",1,200,417
665,08-04-2017,30-04-2017,Newspaper/Magazine,DM-13345,FUR-FU-10003832,"58,062.60",2,0,506.03
666,17-12-2017,06-01-2018,Newspaper/Magazine,VF-21715,OFF-PA-10001745,"56,797.20",2,0,480.94
667,15-08-2016,01-09-2016,Employee Referral,CC-12370,FUR-CH-10000988,"65,668.32",1,200,503.12
668,22-03-2014,10-04-2014,Newspaper/Magazine,BF-11275,OFF-PA-10002581,"58,875.84",1,200,573.94
669,29-04-2014,16-05-2014,Employee Referral,HG-14845,FUR-CH-10002304,"57,868.20",1,0,458.96
670,10-07-2017,29-07-2017,Employee Referral,BP-11155,FUR-FU-10000771,"56,377.80",1,0,503.65
671,12-11-2017,27-11-2017,Social Networks,EM-14140,TEC-AC-10001266,"57,402.00",2,200,506
672,27-06-2017,19-07-2017,Newspaper/Magazine,MA-17995,FUR-CH-10002647,"64,154.07",1,100,619.76
673,16-12-2017,05-01-2018,Employee Referral,AY-10555,FUR-CH-10002774,"59,200.56",1,200,496.71
674,12-06-2015,02-07-2015,Newspaper/Magazine,GB-14575,OFF-PA-10003848,"56,463.12",2,200,439.03
675,25-05-2016,14-06-2016,Newspaper/Magazine,JB-16045,FUR-FU-10000755,"56,653.20",2,0,494.96
676,08-09-2016,25-09-2016,Search Engine,MG-17875,OFF-AP-10003779,"64,866.60",1,0,726.98
677,17-04-2017,08-05-2017,Newspaper/Magazine,SR-20425,OFF-BI-10000773,"56,071.35",2,700,483
678,17-11-2017,08-12-2017,Newspaper/Magazine,JB-16000,FUR-BO-10002202,"70,277.98",1,320,481
679,21-09-2015,12-10-2015,Newspaper/Magazine,DM-12955,FUR-BO-10000468,"64,274.40",2,0,577.36
680,02-04-2017,19-04-2017,Search Engine,TC-21475,FUR-TA-10004534,"74,061.00",1,0,744.02
681,09-04-2016,29-04-2016,Employee Referral,SW-20350,TEC-PH-10002555,"78,835.50",1,0,993.62
682,03-03-2017,22-03-2017,Newspaper/Magazine,RE-19450,OFF-PA-10001307,"56,739.60",3,200,444.98
683,13-03-2017,02-04-2017,Employee Referral,BF-11215,OFF-ST-10000615,"59,616.00",3,0,537.7
684,04-09-2017,20-09-2017,Search Engine,KB-16405,OFF-PA-10001800,"56,113.20",1,0,449.88
685,22-12-2017,11-01-2018,Employee Referral,JG-15310,OFF-SU-10003505,"86,812.20",2,0,619.03
686,23-03-2017,13-04-2017,Newspaper/Magazine,EC-14050,OFF-PA-10002741,"56,685.60",2,0,480.22
687,08-09-2017,27-09-2017,Newspaper/Magazine,EB-14110,TEC-PH-10002200,"67,163.76",1,400,431
688,24-08-2014,10-09-2014,Search Engine,JP-15460,FUR-FU-10004586,"56,127.60",1,0,435.5
689,11-02-2017,28-02-2017,Employee Referral,CS-11845,FUR-CH-10004495,"98,871.12",2,200,861.41
690,03-08-2014,20-08-2014,Employee Referral,GH-14410,OFF-PA-10001289,"59,716.08",1,200,609.88
691,12-09-2014,01-10-2014,Employee Referral,PT-19090,OFF-BI-10004040,"55,763.10",2,800,439
692,01-09-2014,19-09-2014,Search Engine,JL-15130,OFF-BI-10002949,"55,694.16",1,800,444
693,18-12-2017,06-01-2018,Newspaper/Magazine,AH-10030,OFF-AR-10003183,"56,371.68",3,200,477.35
694,02-05-2016,17-05-2016,Social Networks,CC-12475,OFF-ST-10001580,"57,552.30",1,0,505.33
695,20-11-2016,12-12-2016,Newspaper/Magazine,DW-13195,FUR-CH-10003774,"69,859.35",2,300,439
696,01-12-2017,20-12-2017,Newspaper/Magazine,SJ-20215,TEC-PH-10004912,"65,421.00",2,200,523.91
697,17-04-2017,04-05-2017,Search Engine,BG-11740,FUR-FU-10001473,"58,244.04",1,200,425.11
698,13-11-2016,02-12-2016,Newspaper/Magazine,LB-16795,OFF-BI-10000285,"55,671.12",1,800,474
699,14-11-2014,30-11-2014,Search Engine,CM-11815,OFF-PA-10004609,"56,463.12",2,200,439.03
700,22-05-2014,13-06-2014,Newspaper/Magazine,EH-14185,TEC-PH-10002660,"61,649.10",1,0,548.98
701,20-12-2014,09-01-2015,Newspaper/Magazine,TS-21505,OFF-AP-10004868,"57,488.04",3,200,476.23
702,21-08-2017,06-09-2017,Search Engine,PR-18880,OFF-AR-10000203,"56,300.40",2,0,488.86
703,31-01-2014,17-02-2014,Search Engine,LC-17050,FUR-BO-10003966,"68,609.97",1,150,485.68
704,01-11-2016,19-11-2016,Search Engine,CS-12490,OFF-ST-10004950,"60,555.24",3,200,516.92
705,21-11-2014,11-12-2014,Newspaper/Magazine,DH-13075,TEC-PH-10002923,"57,194.55",1,0,478.95
706,29-07-2016,17-08-2016,Newspaper/Magazine,JO-15145,OFF-ST-10001713,"59,345.28",1,200,447
707,06-08-2016,22-08-2016,Search Engine,AH-10690,OFF-PA-10000474,"58,719.60",1,0,627.25
708,25-11-2016,15-12-2016,Newspaper/Magazine,HJ-14875,OFF-PA-10004675,"55,758.60",1,200,444.6
709,06-04-2015,25-04-2015,Newspaper/Magazine,MH-17455,OFF-PA-10001019,"57,687.84",1,200,542.74
710,10-04-2017,25-04-2017,Social Networks,RD-19930,OFF-PA-10004101,"55,996.56",1,200,488.52
711,20-06-2014,09-07-2014,Newspaper/Magazine,SC-20020,TEC-PH-10000369,"64,601.28",1,200,515.63
712,10-12-2017,30-12-2017,Employee Referral,SU-20665,TEC-AC-10001838,"82,528.65",1,0,"1,444.95"
713,29-06-2017,19-07-2017,Newspaper/Magazine,FC-14335,OFF-PA-10003953,"55,763.28",1,200,465.26
714,17-11-2014,09-12-2014,Newspaper/Magazine,RB-19330,OFF-PA-10002137,"56,090.16",1,200,480.56
715,29-11-2016,16-12-2016,Employee Referral,NC-18535,TEC-AC-10004864,"58,158.72",1,200,486.18
716,03-05-2017,23-05-2017,Employee Referral,DB-12970,OFF-ST-10000464,"58,658.40",1,0,546.86
717,09-01-2016,28-01-2016,Employee Referral,MF-17665,FUR-FU-10002445,"56,212.56",1,200,442.17
718,06-03-2017,26-03-2017,Employee Referral,RM-19750,OFF-PA-10002254,"56,717.10",1,0,537.54
719,17-03-2016,01-04-2016,Social Networks,VM-21835,TEC-PH-10000673,"61,379.10",1,0,675.56
720,27-01-2014,17-02-2014,Newspaper/Magazine,EJ-13720,OFF-ST-10003692,"58,105.35",1,0,551.23
721,14-10-2016,04-11-2016,Newspaper/Magazine,NC-18415,FUR-CH-10003606,"60,146.64",1,200,505.04
722,14-11-2015,04-12-2015,Newspaper/Magazine,LS-17230,FUR-FU-10004017,"58,956.30",1,0,593.6
723,08-06-2014,27-06-2014,Newspaper/Magazine,KE-16420,FUR-CH-10002647,"63,195.84",1,200,463.59
724,21-09-2015,06-10-2015,Social Networks,DH-13675,FUR-FU-10004006,"59,368.50",1,0,547
725,15-06-2015,05-07-2015,Newspaper/Magazine,PF-19120,OFF-PA-10002245,"55,960.56",1,200,444.96
726,05-04-2015,25-04-2015,Newspaper/Magazine,VT-21700,OFF-AP-10004036,"59,945.04",3,200,541.58
727,23-06-2016,15-07-2016,Newspaper/Magazine,MG-17695,OFF-SU-10000157,"93,112.65",3,0,524.81
728,22-11-2014,11-12-2014,Newspaper/Magazine,SP-20920,OFF-PA-10002245,"57,951.90",3,0,584.88
729,17-04-2016,07-05-2016,Newspaper/Magazine,CS-12175,FUR-FU-10003798,"59,090.40",2,200,555.38
730,08-03-2015,27-03-2015,Newspaper/Magazine,DK-12895,FUR-BO-10002916,"78,612.30",1,0,813.83
731,10-12-2015,31-12-2015,Newspaper/Magazine,KM-16660,OFF-AR-10003087,"55,610.10",1,0,437.99
732,22-06-2014,12-07-2014,Newspaper/Magazine,AA-10645,FUR-CH-10004698,"63,182.61",1,300,456
733,22-08-2016,10-09-2016,Newspaper/Magazine,DD-13570,OFF-BI-10003676,"55,724.04",1,800,425
734,14-05-2017,02-06-2017,Newspaper/Magazine,AH-10465,TEC-PH-10002834,"79,828.65",1,0,"1,009.97"
735,14-01-2017,31-01-2017,Search Engine,TP-21565,TEC-AC-10003027,"63,137.88",3,200,417
736,29-11-2015,15-12-2015,Search Engine,EK-13795,OFF-AR-10003582,"58,063.50",1,0,475.06
737,06-10-2017,27-10-2017,Newspaper/Magazine,CR-12820,TEC-AC-10001539,"69,928.20",2,0,918.74
738,18-05-2017,07-06-2017,Newspaper/Magazine,SG-20890,OFF-BI-10003712,"55,839.33",3,800,443
739,09-12-2017,29-12-2017,Newspaper/Magazine,AH-10585,OFF-PA-10004965,"56,249.28",1,200,451.98
740,23-07-2016,11-08-2016,Newspaper/Magazine,NF-18475,OFF-BI-10000948,"56,043.72",2,800,458
741,19-09-2014,04-10-2014,Social Networks,BS-11365,FUR-CH-10000988,"95,449.64",3,100,"1,164.68"
742,26-11-2015,15-12-2015,Newspaper/Magazine,SH-20635,FUR-FU-10003930,"86,691.24",4,200,"1,202.72"
743,21-12-2015,11-01-2016,Newspaper/Magazine,RD-19720,TEC-AC-10003237,"57,819.60",2,200,504.51
744,10-12-2017,27-12-2017,Employee Referral,AG-10330,TEC-PH-10003215,"59,842.80",2,200,599.97
745,21-11-2014,11-12-2014,Newspaper/Magazine,GR-14560,OFF-PA-10003309,"56,113.20",1,0,429.88
746,23-05-2017,13-06-2017,Newspaper/Magazine,VS-21820,FUR-TA-10001520,"63,237.96",1,200,433
747,30-03-2017,15-04-2017,Search Engine,TM-21490,OFF-EN-10004206,"70,193.70",1,0,"1,046.58"
748,26-08-2016,12-09-2016,Employee Referral,TS-21430,OFF-AR-10000390,"55,901.70",1,0,456.2
749,26-04-2016,16-05-2016,Newspaper/Magazine,DB-13360,FUR-CH-10004983,"75,089.07",1,100,667.13
750,07-06-2014,26-06-2014,Employee Referral,NR-18550,FUR-TA-10002041,"67,632.08",1,500,477
751,02-06-2017,18-06-2017,Social Networks,CS-11860,OFF-PA-10004733,"56,670.48",2,200,451.75
752,16-03-2015,07-04-2015,Newspaper/Magazine,MF-18250,FUR-FU-10001215,"57,470.85",1,0,557.46
753,08-06-2017,29-06-2017,Newspaper/Magazine,LW-17125,OFF-BI-10004040,"55,996.20",1,0,493.31
754,10-09-2017,28-09-2017,Search Engine,AR-10345,OFF-AR-10003338,"56,199.60",1,0,457.88
755,15-03-2015,05-04-2015,Newspaper/Magazine,KS-16300,TEC-PH-10003356,"56,284.92",1,200,434.71
756,07-03-2014,23-03-2014,Search Engine,AB-10015,FUR-CH-10004477,"57,722.04",1,200,422.92
757,07-09-2015,29-09-2015,Newspaper/Magazine,LR-17035,OFF-BI-10004781,"55,958.49",1,700,469
758,15-11-2014,03-12-2014,Search Engine,SS-20410,FUR-FU-10002505,"55,984.95",1,0,460.94
759,08-09-2016,27-09-2016,Newspaper/Magazine,JM-15580,TEC-AC-10004209,"57,112.56",2,200,458.41
760,21-11-2014,12-12-2014,Newspaper/Magazine,JK-15325,OFF-EN-10001509,"55,603.44",1,200,498.2
761,05-09-2016,22-09-2016,Employee Referral,DM-13525,OFF-PA-10001870,"56,696.40",2,200,473.29
762,21-09-2017,08-10-2017,Search Engine,ML-18265,TEC-AC-10000158,"58,769.10",1,0,499.46
763,14-06-2016,29-06-2016,Social Networks,MH-17290,FUR-BO-10004218,"82,492.43",2,150,564.98
764,21-10-2017,09-11-2017,Newspaper/Magazine,FC-14245,OFF-AP-10000938,"62,800.56",1,200,477.63
765,02-11-2017,21-11-2017,Newspaper/Magazine,TH-21115,FUR-FU-10001847,"55,679.04",1,200,410.65
766,02-12-2017,21-12-2017,Newspaper/Magazine,JK-16090,TEC-PH-10001795,"1,67,128.20",2,0,"3,452.95"
767,25-09-2015,14-10-2015,Newspaper/Magazine,SB-20185,OFF-BI-10002735,"58,617.90",1,0,611.01
768,31-08-2017,20-09-2017,Newspaper/Magazine,BG-11035,TEC-AC-10003033,"85,225.50",1,0,"1,321.07"
769,11-08-2015,31-08-2015,Newspaper/Magazine,BW-11065,FUR-FU-10004270,"57,606.84",1,200,542.46
770,10-04-2017,29-04-2017,Employee Referral,MG-18205,FUR-FU-10003829,"56,084.40",2,200,475.39
771,27-11-2017,18-12-2017,Newspaper/Magazine,DO-13645,TEC-PH-10004100,"58,120.56",2,200,476.03
772,08-10-2017,26-10-2017,Search Engine,BP-11050,OFF-ST-10001837,"57,454.20",1,0,458.47
773,25-04-2015,15-05-2015,Newspaper/Magazine,TS-21655,OFF-AR-10000658,"58,128.75",2,0,471.68
774,26-03-2017,17-04-2017,Newspaper/Magazine,EM-14200,TEC-AC-10003116,"57,926.25",1,0,571.07
775,16-08-2016,03-09-2016,Search Engine,AO-10810,FUR-TA-10004152,"62,787.60",1,200,535.38
776,19-12-2016,08-01-2017,Employee Referral,MH-17440,OFF-BI-10000948,"57,071.16",1,200,478.23
777,24-07-2015,12-08-2015,Newspaper/Magazine,SS-20515,FUR-FU-10001487,"56,472.30",1,0,486.29
778,26-06-2016,15-07-2016,Newspaper/Magazine,LD-16855,OFF-AR-10001547,"55,768.68",1,200,441.86
779,06-09-2014,24-09-2014,Search Engine,VP-21760,FUR-FU-10001487,"57,414.60",2,0,483.58
780,15-09-2017,04-10-2017,Newspaper/Magazine,TC-21145,FUR-FU-10002445,"57,663.00",2,0,523.84
781,16-11-2016,02-12-2016,Search Engine,IM-15055,OFF-BI-10004967,"55,904.40",2,200,495.23
782,14-07-2016,03-08-2016,Newspaper/Magazine,AR-10570,OFF-BI-10003963,"57,168.00",2,0,561.43
783,10-10-2014,30-10-2014,Newspaper/Magazine,CM-12715,TEC-PH-10001128,"87,927.84",2,200,719.98
784,22-03-2015,11-04-2015,Newspaper/Magazine,FW-14395,OFF-AR-10003217,"56,410.20",2,0,507.91
785,20-10-2016,10-11-2016,Newspaper/Magazine,LC-16960,FUR-FU-10000246,"58,279.50",2,0,499.32
786,30-01-2016,19-02-2016,Newspaper/Magazine,HE-14800,OFF-PA-10003892,"62,573.04",2,200,629.29
787,27-03-2017,15-04-2017,Newspaper/Magazine,BD-11560,OFF-PA-10000740,"57,585.60",1,0,504.05
788,07-06-2015,26-06-2015,Newspaper/Magazine,HD-14785,OFF-BI-10003707,"56,354.04",2,700,477
